release_date,position,difficulty,type,question,answer,option_a,option_b,option_c,option_d,explanation
2026-05-28,Pitcher,Easy,ff,"What player has drawn the most intentional walks of all-time with 688, more than doubling second-place on the list?",Barry Bonds,,,,,
2026-05-28,Catcher,Hard,ff,"Career Path: Arizona Diamondbacks (2003-07), Houston Astros (2008-09), Detroit Tigers (2010-13), New York Mets (2014).",Jose Valverde,,,,,
2026-05-28,1st Base,Easy,mc,"In 2023, what player hit 54 home runs to become the all-time single-season home run king for the Atlanta Braves?",Matt Olson,Marcell Ozuna,Matt Olson,Ronald Acuna Jr.,,
2026-05-28,2nd Base,Medium,ff,"In 2004, what relief pitcher in the NL Central set an NL record, striking out 157 batters?",Brad Lidge,,,,,
2026-05-28,Shortstop,Hard,ff,"What player in 2001 finished 6th in the MVP voting, despite a statline of 49 homers and 125 RBI’s?",Shawn Green,,,,,
2026-05-28,3rd Base,Medium,ff,"In 2012, at the age of 38 years old, what player led the league with 740 plate appearances and 216 hits?",Derek Jeter,,,,,
2026-05-28,Left Field,Easy,ff,What Cleveland Guardians outfielder debuted in 2022 and went on to win four consecutive Gold Gloves from 2022 through 2025?,Steven Kwan,,,,,
2026-05-28,Center Field,Medium,ff,"Only three players in Rays history have recorded over 1,000 hits for the franchise. Carl Crawford (1,480), Evan Longoria (1,471) and who with 1,016?",Ben Zobrist,,,,,
2026-05-28,Right Field,Nightmare,ff,"What pitcher in 2008, threw an MLB record 39 scoreless innings to start his MLB career?",Brad Ziegler,,,,,
2026-05-28,Tiebreaker,Tiebreaker,mc,What pitcher is the active leader in wins?,Justin Verlander,Max Scherzer,Justin Verlander,Gerrit Cole,Chris Sale,
2026-06-02,Pitcher,Easy,ff,"What pitcher was nicknamed ""Big Game""?",James Shields,,,,,
2026-06-02,Catcher,Hard,ff,"Traded from the Mets for Mike Bordick in July of 2000, what player called Baltimore home for 10 seasons?",Melvin Mora,,,,,
2026-06-02,1st Base,Easy,ff,"In 2022, at the age of 35, what player won their first MVP?",Paul Goldschmidt,,,,,
2026-06-02,2nd Base,Medium,ff,"Career Path: Pittsburgh Pirates (2000-2002), Boston Red Sox (2003-2005), Cincinnati Reds (2006-2013, 2017), Arizona Diamondbacks (2014).",Bronson Arroyo,,,,,
2026-06-02,Shortstop,Hard,ff,"What player in 2006, won the NL batting title with a .344 average and tied for the league lead in doubles with 53?",Freddy Sanchez,,,,,
2026-06-02,3rd Base,Medium,ff,"What player in the AL Central, in 2007, was the AL MVP runner up, leading the league with 54 doubles and a .363 average?",Magglio Ordonez,,,,,
2026-06-02,Left Field,Easy,ff,"What second baseman is the all-time Marlins games played leader with 1,128 games?",Luis Castillo,,,,,
2026-06-02,Center Field,Medium,mc,"Since 1967, only five relievers have won the Cy Young award. Who is the last?",Eric Gagne,Mariano Rivera,Eric Gagne,Dennis Eckersley,Francisco Rodriguez,
2026-06-02,Right Field,Nightmare,ff,"What pitcher went from tied for the most losses in the MLB in 2008, to tied for the most wins in 2009?",Justin Verlander,,,,,
2026-06-02,Tiebreaker,Tiebreaker,mc,Who is the active leader in runs scored?,Freddie Freeman,Paul Goldschmidt,Andrew McCutchen,Freddie Freeman,Jose Altuve,
2026-06-05,Pitcher,Medium,ff,"Who is the most recent Pirate to hit 40 home runs in a season, doing so way back in 1973?",Willie Stargell,,,,,
2026-06-05,Catcher,Hard,ff,Who is the most recent Oakland Athletic to record 20 wins in a season?,Barry Zito,,,,,
2026-06-05,1st Base,Easy,ff,Which American League team won its very first World Series franchise title in 2023 by defeating the Arizona Diamondbacks?,Texas Rangers,,,,,
2026-06-05,2nd Base,Nightmare,ff,"From 2010 to present, what player has the most steals for the Kansas City Royals?",Jarrod Dyson,,,,,
2026-06-05,Shortstop,Medium,ff,Who is the only player to hit an inside-the-park home run in MLB All-Star Game history?,Ichiro Suzuki,,,,,
2026-06-05,3rd Base,Hard,ff,Who is the only player to win a batting title in three different decades?,George Brett,,,,,
2026-06-05,Left Field,Easy,ff,"In 2025, Eugenio Suarez, Kyle Schwarber and this rookie hit 4 homers in a game.",Nick Kurtz,,,,,
2026-06-05,Center Field,Hard,ff,"Drafted by the New York Yankees in 1981, but debuting with the Toronto Blue Jays, what Hall of Famer is among the top fifty all-time in RBI’s with 1,550?",Fred McGriff,,,,,
2026-06-05,Right Field,Medium,mc,Nelson Cruz hit 464 career home runs.  For which franchise did he hit the most total home runs?,Seattle Mariners,Texas Rangers,Seattle Mariners,Baltimore Orioles,Minnesota Twins,
2026-06-05,Tiebreaker,Tiebreaker,mc,Which player has the MLB record for most RBI's in a single season?,Hack Wilson,Lou Gehrig,Jimmie Foxx,Hack Wilson,Hank Greenberg,
2026-06-07,Pitcher,Hard,ff,"Since 2000, only three players have had 150 or more RBI's. Alex Rodriguez (156), Sammy Sosa (160) and this former MVP.",Miguel Tejada,,,,,
2026-06-07,Catcher,Medium,ff,"What AL East closer is the last to record back-to-back 50 save seasons, doing so in 2012 and 2013?",Jim Johnson,,,,,
2026-06-07,1st Base,Nightmare,ff,"Since 2014, what Angels pitcher has the most wins with 40?",Matt Shoemaker,,,,,
2026-06-07,2nd Base,Easy,ff,"Only three active players have crossed over the 400 home run mark, name one of them.",Giancarlo Stanton|Mike Trout|Manny Machado,,,,,
2026-06-07,Shortstop,Easy,ff,"Only four players have crossed 700 home runs in their career, Barry Bonds (762), Hank Aaron (755), Babe Ruth (714) and what player with 703?",Albert Pujols,,,,,
2026-06-07,3rd Base,Hard,ff,"Breaking a 132-year drought in 2014, what pitcher threw over 200 innings and walked less than 17 batters?",Phil Hughes,,,,,
2026-06-07,Left Field,Medium,ff,There are only three players in MLB history to record 300 saves and over 100 wins. Name one of them.,Dennis Eckersley|Rollie Fingers|Goose Gossage,,,,,
2026-06-07,Center Field,Easy,ff,What player has led the NL in homers in two of the last four seasons,Kyle Schwarber,,,,,
2026-06-07,Right Field,Medium,mc,"In 2016, what player became only the 5th player to have 7 hits in a game?",Brandon Crawford,Brandon Crawford,Charlie Blackmon,Yasmani Grandal,Charlie Raburn,
2026-06-07,Tiebreaker,Tiebreaker,mc,What closer is the active leader in saves?,Kenley Jansen,Craig Kimbrel,Kenley Jansen,Aroldis Chapman,Edwin Diaz,
2026-06-09,Pitcher,Easy,ff,"What position player set the MLB record for longest hitless streak, going 0-54 in 62 plate appearances from September 2018 to April 2019?",Chris Davis,,,,,
2026-06-09,Catcher,Nightmare,ff,"Eight players have 300+ homers and 300+ steals. Barry Bonds, Bobby Bonds, Alex Rodriguez, Willie Mays, Andre Dawson, Carlos Beltran, Steve Finley and who?",Reggie Sanders,,,,,
2026-06-09,1st Base,Medium,ff,"What closer in the AL East finished 4th in the Cy Young voting, after posting a minuscule 0.54 era?",Zack Britton,,,,,
2026-06-09,2nd Base,Hard,ff,"Career Path: Boston Red Sox (1987-1992, 2004), Chicago White Sox (1993), Colorado Rockies (1994-1998), San Francisco Giants (1998-2000), Cleveland Indians (2001-2003).",Ellis Burks,,,,,
2026-06-09,Shortstop,Easy,ff,The Tampa Bay Rays have had two Cy Young award winners. Name one of them.,David Price|Blake Snell,,,,,
2026-06-09,3rd Base,Easy,ff,What pitcher is the St. Louis Cardinals all-time leader in wins?,Bob Gibson,,,,,
2026-06-09,Left Field,Hard,ff,Only two players in MLB history have eight consecutive seasons of 100 or more walks. Name one of them.,Bobby Abreu|Frank Thomas,,,,,
2026-06-09,Center Field,Medium,mc,"Who in 2010, at the age of 33 years old, led the league with 68 steals?",Juan Pierre,Carl Crawford,Juan Pierre,Scott Podsednik,Coco Crisp,
2026-06-09,Right Field,Medium,ff,"What player, who pitched for the Mets, received a lifetime ban from the MLB after a third positive PED test?",Jenrry Mejia,,,,,
2026-06-09,Tiebreaker,Tiebreaker,mc,Who is the active leader in hits?,Freddie Freeman,Jose Altuve,Paul Goldschmidt,Andrew McCutchen,Freddie Freeman,
2026-06-12,Pitcher,Medium,ff,The last Minnesota Twins closer to record 35 or more saves was back in 2013. Who was it?,Glen Perkins,,,,,
2026-06-12,Catcher,Easy,ff,What pitcher is the Arizona Diamondbacks all-time wins leader with 118 wins?,Randy Johnson,,,,,
2026-06-12,1st Base,Hard,ff,"Career Path: St. Louis Cardinals (1996-1997), Cincinnati Reds (1998-2001), Detroit Tigers (2002-2006), Washington Nationals (2007-2008)",Dmitri Young,,,,,
2026-06-12,2nd Base,Medium,ff,Who did the New York Mets acquire along with Francisco Lindor from the Cleveland Indians in 2021?,Carlos Carrasco,,,,,
2026-06-12,Shortstop,Nightmare,ff,What pitcher is the Houston Astros all-time leader in wins?,Joe Niekro,,,,,
2026-06-12,3rd Base,Easy,mc,Who has hit the most home runs as a Hawaiian native?,Kurt Suzuki,Mike Lum,Shane Victorino,Kurt Suzuki,Kolten Wong,
2026-06-12,Left Field,Medium,ff,"Hitting .500 (8-16), with three homers, what player was named MVP of the 2012 World Series?",Pablo Sandoval,,,,,
2026-06-12,Center Field,Hard,ff,"Drafted 12th overall by the New York Mets in 2003, what former top prospect was shipped out to the Nationals for Ryan Church and Brian Schneider?",Lasting Milledge,,,,,
2026-06-12,Right Field,Easy,ff,"Before a fifteen year tenure with the San Francisco Giants, what franchise did Barry Bonds spend seven years with?",Pittsburgh Pirates,,,,,
2026-06-12,Tiebreaker,Tiebreaker,mc,Who is the active leader in stolen bases?,Starling Marte,Jose Altuve,Starling Marte,Trea Turner,Jose Ramirez,
2026-06-14,Pitcher,Nightmare,ff,Which player holds the Colorado Rockies franchise record for career stolen bases with 180?,Eric Young Sr.,,,,,
2026-06-14,Catcher,Medium,ff,"Willie Stargell hit 475 home runs for the Pirates. Which other Hall of Famer is the only franchise player to join him in the 300-HR club, with 301?",Ralph Kiner,,,,,
2026-06-14,1st Base,Easy,ff,"Which legendary New York Yankees player was nicknamed ""The Babe"" or ""The Sultan of Swat""?",Babe Ruth,,,,,
2026-06-14,2nd Base,Hard,ff,"In 2016, what prospect did the Los Angeles Dodgers trade to the Houston Astros for relief pitcher Josh Fields?",Yordan Alvarez,,,,,
2026-06-14,Shortstop,Easy,ff,"What team plays its home games at the historic Fenway Park, featuring the famous ""Green Monster"" wall in left field?",Boston Red Sox,,,,,
2026-06-14,3rd Base,Easy,ff,"Who is the MLB all-time hits leader with 4,256 hits?",Pete Rose,,,,,
2026-06-14,Left Field,Medium,mc,"From 2005 to 2008, what player hit exactly 40 home runs each season?",Adam Dunn,Albert Pujols,Adam Dunn,Richie Sexson,Paul Konerko,
2026-06-14,Center Field,Medium,ff,Who is the only player in MLB history to hit a home run in each of his first four career games?,Trevor Story,,,,,
2026-06-14,Right Field,Hard,ff,"What underrated pitcher won the NL Cy Young award in 2006, then finished second in the voting in back-to-back seasons?",Brandon Webb,,,,,
2026-06-14,Tiebreaker,Tiebreaker,mc,What pitcher is the active leader in strikeouts?,Justin Verlander,Justin Verlander,Chris Sale,Gerrit Cole,Max Scherzer,
2026-06-16,Pitcher,Easy,ff,"In 2016, what team broke their 108-year World Series drought, defeating the Cleveland Indians in a seven-game classic?",Chicago Cubs,,,,,
2026-06-16,Catcher,Hard,ff,"Career Path: San Diego Padres (2012-2014), Los Angeles Dodgers (2015-2018), Milwaukee Brewers (2019), Chicago White Sox (2020-2023),Pittsburgh Pirates (2024).",Yasmani Grandal,,,,,
2026-06-16,1st Base,Medium,mc,"What player, known for his stint in Minnesota and being a sure handed glove, was the Mets Opening Day 1B in 2005?",Doug Mientkiewicz,Jose Offerman,Matt Lawton,Brian Buchanan,Doug Mientkiewicz,
2026-06-16,2nd Base,Easy,ff,"What franchise won three World Series on even years, in 2010, 2012 and 2014?",San Francisco Giants,,,,,
2026-06-16,Shortstop,Medium,ff,"What pitcher, in the modern era, has the most strikeouts in a season as a rookie with 276?",Dwight Gooden,,,,,
2026-06-16,3rd Base,Hard,ff,Who is the last Toronto Blue Jay to collect 200 hits in a single-season?,Vernon Wells,,,,,
2026-06-16,Left Field,Easy,ff,Which pitcher holds the MLB record for the most saves in a single season with 62?,Francisco Rodriguez,,,,,
2026-06-16,Center Field,Nightmare,ff,What pitcher had hit at least one home run in seventeen consecutive seasons?,Warren Spahn,,,,,
2026-06-16,Right Field,Medium,ff,"In 2011, the New York Mets sent Carlos Beltran and cash to the San Francisco Giants for what player?",Zack Wheeler,,,,,
2026-06-16,Tiebreaker,Tiebreaker,mc,"With a minimum of 3,000 plate appearances, who is the active leader in batting average?",Luis Arraez,Jose Altuve,Luis Arraez,Freddie Freeman,Yordan Alvarez,
2026-06-19,Pitcher,Hard,ff,"In 2010, what Opening Day lineup had Troy Glaus at 1B, Melky Cabrera in LF, Martin Prado at 2B, and Nate McLouth in CF?",Atlanta Braves,,,,,
2026-06-19,Catcher,Easy,ff,What Atlanta Braves took home the NL rookie of the year in 2025?,Drake Baldwin,,,,,
2026-06-19,1st Base,Medium,ff,"In 2002, the Indians traded Bartolo Colon to the Montreal Expos for Lee Stevens, Grady Sizemore, Brandon Phillips, and what 2008 Cy Young award winner?",Cliff Lee,,,,,
2026-06-19,2nd Base,Nightmare,ff,"Career Path: New York Mets (2004-2006), San Diego Padres (2007-2011), Miami Marlins (2012), Arizona Diamondbacks (2013), Tampa Bay Rays (2014)",Heath Bell,,,,,
2026-06-19,Shortstop,Hard,ff,"In 2019, who did the Tampa Bay Rays send to the Philadelphia Phillies for Curtis Mead?",Cristopher Sanchez,,,,,
2026-06-19,3rd Base,Medium,mc,"Who is the only active player with over 300 home runs and 1,300 walks?",Carlos Santana,Carlos Santana,Andrew McCutchen,Freddie Freeman,Paul Goldschmidt,
2026-06-19,Left Field,Easy,ff,What Boston Red Sox pitcher led the MLB in Strikeouts in 2025?,Garrett Crochet,,,,,
2026-06-19,Center Field,Easy,ff,"Finishing his career with exactly 3,060 hits, what legend is the only player to collect 3,000 hits solely as a member of the Houston Astros?",Craig Biggio,,,,,
2026-06-19,Right Field,Medium,ff,What Tampa Bay Ray won the batting title with a .330 average in 2023?,Yandy Diaz,,,,,
2026-06-19,Tiebreaker,Tiebreaker,mc,What player is the active leader in fielding assists?,Jose Altuve,Nolan Arenado,Xander Bogaerts,Marcus Semien,Jose Altuve,
2026-06-21,Pitcher,Easy,ff,"Career Path: New York Yankees (2005-2013), Seattle Mariners (2014-2018), New York Mets (2019-2022), San Diego Padres (2022), Atlanta Braves (2022).",Robinson Cano,,,,,
2026-06-21,Catcher,Hard,ff,"What pitcher won his only career Gold Glove in 2003, breaking up a run of 13 consecutive awards by teammate Greg Maddux?",Mike Hampton,,,,,
2026-06-21,1st Base,Easy,ff,"What future two-time MVP, as a rookie, was instrumental in helping the Florida Marlins capture their second World Series Title in 2003?",Miguel Cabrera,,,,,
2026-06-21,2nd Base,Medium,ff,"What player led the 2019 Minnesota Twins with 41 home runs during their historic, record-setting 307-homer campaign?",Nelson Cruz,,,,,
2026-06-21,Shortstop,Hard,ff,"In 2016, what Opening Day lineup had Carlos Perez at C, Johnny Giavotella at 2B, Yunel Escobar at 3B, and Daniel Nava in LF?",Los Angeles Angels,,,,,
2026-06-21,3rd Base,Medium,ff,"Winning the NL Rookie of the Year award in 2023, what young speedster has led the NL in triples three consecutive years?",Corbin Carroll,,,,,
2026-06-21,Left Field,Easy,ff,What franchise became MLB's first back-to-back World Series champions since 2000 by winning the title in both 2024 and 2025?,Los Angeles Dodgers,,,,,
2026-06-21,Center Field,Medium,mc,"A one-time All-Star and World Series champion, what beloved catcher anchored the Philadelphia Phillies behind the plate from 2006 to 2016?",Carlos Ruiz,Mike Lieberthal,Carlos Ruiz,Chris Coste,Brian Schneider,
2026-06-21,Right Field,Nightmare,ff,What retired infielder is the only player in MLB history to rank in the top two in all-time career fielding percentage at both second base and third base?,Placido Polanco,,,,,
2026-06-21,Tiebreaker,Tiebreaker,mc,Who is the active leader in defensive war?,Nolan Arenado,Matt Chapman,Mookie Betts,Nolan Arenado,Francisco Lindor,
2026-06-23,Pitcher,Medium,ff,"Career Path: Pittsburgh Pirates (1998-2003,2015), Chicago Cubs (2003-2011), Milwaukee Brewers (2012-2015)",Aramis Ramirez,,,,,
2026-06-23,Catcher,Easy,ff,"What Hall of Fame pitcher did the Arizona Diamondbacks trade to the New York Yankees in 2005, only to trade back for him from the Yankees in 2007?",Randy Johnson,,,,,
2026-06-23,1st Base,Hard,ff,"The last closer to record a 40-save, 100-strikeout season did so in 2019 for an NL West franchise. What All-Star reliever accomplished this feat?",Kirby Yates,,,,,
2026-06-23,2nd Base,Easy,ff,"The 1st overall pick by the Washington Nationals in 2009, what pitcher struck out 14 batters in his debut?",Stephen Strasburg,,,,,
2026-06-23,Shortstop,Medium,ff,"Who is the Los Angeles Angels all-time leader in RBI's with 1,292?",Garret Anderson,,,,,
2026-06-23,3rd Base,Nightmare,ff,"An all-star, silver slugger and MVP-4 in 2005, what player paced the World Series runner-up Houston Astros with 36 home runs?",Morgan Ensberg,,,,,
2026-06-23,Left Field,Hard,ff,"Since 2013, what player has recorded the most steals for the Los Angeles Dodgers?",Shohei Ohtani,,,,,
2026-06-23,Center Field,Easy,mc,"From 2008 to 2016, what Colorado Rockie led the team with 985 strikeouts?",Jorge De La Rosa,Ubaldo Jimenez,Aaron Cook,Jeff Francis,Jorge De La Rosa,
2026-06-23,Right Field,Medium,ff,"Despite a 9.5 WAR, Mike Trout finished second in the MVP voting in 2015 to what infielder?",Josh Donaldson,,,,,
2026-06-23,Tiebreaker,Tiebreaker,mc,"What player led the AL in home runs three consecutive years, from 1997-1999?",Ken Griffey Jr.,Jay Buhner,Ken Griffey Jr.,Alex Rodriguez,Edgar Martinez,
2026-06-26,Pitcher,Hard,ff,What player barely edged out Hideki Matsui to win the AL Rookie of the Year in 2003?,Angel Berroa,,,,,
2026-06-26,Catcher,Medium,ff,"What active pitcher, is the Colorado Rockies all-time leader in games started?",Kyle Freeland,,,,,
2026-06-26,1st Base,Nightmare,ff,Who is the only pitcher in MLB history to record at least 200 total career strikeouts for five different franchises?,Zack Greinke,,,,,
2026-06-26,2nd Base,Easy,ff,"What legendary pitcher holds the MLB record for the most career strikeouts with 5,714?",Nolan Ryan,,,,,
2026-06-26,Shortstop,Easy,ff,Who holds the record for the most hits in San Diego Padres franchise history?,Tony Gwynn,,,,,
2026-06-26,3rd Base,Hard,ff,What position player holds the MLB record for the most career strikeouts?,Reggie Jackson,,,,,
2026-06-26,Left Field,Medium,ff,Who is the only player in Arizona Diamondbacks history to join the 50-home-run club?,Luis Gonzalez,,,,,
2026-06-26,Center Field,Easy,ff,"On April 15, 1947, who became the first African American to play MLB in the modern era?",Jackie Robinson,,,,,
2026-06-26,Right Field,Medium,mc,"In 2022, the Tampa Bay Rays hit 139 home runs. Randy Arozarena and what other player led the team, hitting 20 homers each?",Isaac Paredes,Brandon Lowe,Wander Franco,Isaac Paredes,Jiman Choi,
2026-06-26,Tiebreaker,Tiebreaker,mc,"Who is the all-time MLB leader in career saves, finishing his career with 652?",Mariano Rivera,Kenley Jansen,Mariano Rivera,Trevor Hoffman,Lee Smith,
2026-06-28,Pitcher,Easy,ff,"Located on the North Shore of the Allegheny River, PNC Park is the home stadium for which MLB franchise?",Pittsburgh Pirates,,,,,
2026-06-28,Catcher,Nightmare,ff,"Only two players in MLB history have accumulated at least 250 home runs, 1,300 RBIs and 400 steals in their careers. Barry Bonds and who?",Bobby Abreu,,,,,
2026-06-28,1st Base,Medium,ff,"In December of 2016, the Washington Nationals traded Reynaldo Lopez, Dane Dunning and what prospect to the Chicago White Sox for Adam Eaton?",Lucas Giolito,,,,,
2026-06-28,2nd Base,Hard,ff,Who is the last pitcher for the Miami Marlins to record 200 strikeouts in a season?,Jesus Luzardo,,,,,
2026-06-28,Shortstop,Easy,ff,"Over his 25-season MLB career, Rickey Henderson played for nine different franchises. Which team did he spend the bulk of his career with?",Oakland Athletics,,,,,
2026-06-28,3rd Base,Easy,ff,"In his 16th season in the MLB, what player broke the Angels' franchise longevity record by entering his 16th season with the team in 2026?",Mike Trout,,,,,
2026-06-28,Left Field,Hard,ff,"Career Path: Boston Red Sox (2009-2011), Oakland Athletics (2012-2016), Los Angeles Dodgers (2016), Houston Astros (2017-2020), Arizona Diamondbacks (2021)",Josh Reddick,,,,,
2026-06-28,Center Field,Medium,mc,"Up with the club in 2019, who is currently the longest-tenured player for the Seattle Mariners?",J.P. Crawford,Cal Raleigh,Logan Gilbert,J.P. Crawford,Andres Munoz,
2026-06-28,Right Field,Medium,ff,Who is the only player to record a 40-40 season for the Washington Nationals? ,Alfonso Soriano,,,,,
2026-06-28,Tiebreaker,Tiebreaker,mc,Who is the all-time franchise leader in home runs for the New York/San Francisco Giants?,Willie Mays,Barry Bonds,Mel Ott,Willie McCovey,Willie Mays,
2026-06-30,Pitcher,Medium,ff,"Since 2010, only one pitcher has eclipsed 1000 total strikeouts for the Atlanta Braves. Who is it?",Julio Teheran,,,,,
2026-06-30,Catcher,Easy,ff,What MLB franchise has the most all-time regular season wins?,San Francisco Giants,,,,,
2026-06-30,1st Base,Hard,ff,"Who is the only player in Toronto Blue Jays franchise history to win a batting title, posting a .363 average?",John Olerud,,,,,
2026-06-30,2nd Base,Medium,ff,"Who is the last pitcher in MLB history to throw a perfect game, achieving the feat in 2023?",Domingo German,,,,,
2026-06-30,Shortstop,Nightmare,ff,"Who holds the single-season hits record for the Tampa Bay Rays franchise, with 198?",Aubrey Huff,,,,,
2026-06-30,3rd Base,Easy,mc,Name the Texas Rangers all-time games played leader with 1823?,Michael Young,Michael Young,Elvis Andrus,Rafael Palmeiro,Ivan Rodriguez,
2026-06-30,Left Field,Medium,ff,Who did the Arizona Diamondbacks draft 1st overall in 2015 and subsequently trade that same year for Shelby Miller?,Dansby Swanson,,,,,
2026-06-30,Center Field,Hard,ff,"Before Clayton Kershaw joined the club in 2015, who was the last pitcher to win 100 games in a Dodgers uniform?",Ramon Martinez,,,,,
2026-06-30,Right Field,Easy,ff,What Hall of Fame batter holds the Red Sox all-time record with 521 home runs?,Ted Williams,,,,,
2026-06-30,Tiebreaker,Tiebreaker,mc,Who is the active leader in WHIP?,Jacob DeGrom,Gerrit Cole,Chris Sale,Max Scherzer,Jacob DeGrom,
2026-07-03,Pitcher,Nightmare,ff,Who is the last player for the Cincinnati Reds to lead the NL in RBI's?,George Foster,,,,,
2026-07-03,Catcher,Medium,ff,"Career Path: San Diego Padres (2003), Pittsburgh Pirates (2003-2008), Boston Red Sox (2008-2009), New York Mets (2010-2012), Seattle Mariners (2013)",Jason Bay,,,,,
2026-07-03,1st Base,Easy,ff,"Blake Snell won his first Cy Young Award in 2018 with the Tampa Bay Rays. In 2023, he won his second Cy Young playing for what team?",San Diego Padres,,,,,
2026-07-03,2nd Base,Hard,ff,"Since 2000, only three players have eclipsed 100 career triples. Who leads the bunch with 131?",Jose Reyes,,,,,
2026-07-03,Shortstop,Easy,ff,"In 2012, what star became the first player in 45 years to win the MLB batting Triple Crown?",Miguel Cabrera,,,,,
2026-07-03,3rd Base,Easy,ff,What Chicago Cubs outfielder has won a Gold Glove Award in each of the last four consecutive seasons?,Ian Happ,,,,,
2026-07-03,Left Field,Medium,mc,"In 2015, the Kansas City Royals won the World Series. Who was the World Series MVP?",Salvador Perez,Eric Hosmer,Salvador Perez,Mike Moustakas,Johnny Cueto,
2026-07-03,Center Field,Medium,ff,"Who is the last rookie in MLB history to win a batting title, doing so with a .350 average?",Ichiro Suzuki,,,,,
2026-07-03,Right Field,Hard,ff,"Playing for 11 franchises over a 17-year MLB career, what reliever finished 5th in Cy Young voting after posting a microscopic 0.60 ERA and recording 48 saves?",Fernando Rodney,,,,,
2026-07-03,Tiebreaker,Tiebreaker,mc,"In 2024, what player led the league in home runs with 58?",Aaron Judge,Juan Soto,Shohei Ohtani,Aaron Judge,Anthony Santander,
2026-07-05,Pitcher,Easy,ff,"Who won the NL MVP in 2023, posting a 41 home runs and 73 stolen base season?",Ronald Acuna,,,,,
2026-07-05,Catcher,Hard,ff,"In 2009, what player was traded from the Pittsburgh Pirates to the Boston Red Sox, then nine days later, dealt to the Atlanta Braves for Casey Kotchman?",Adam LaRoche,,,,,
2026-07-05,1st Base,Medium,mc,What team was not part of the League Championship Series in the 2014 playoffs?,Los Angeles Dodgers,Baltimore Orioles,Los Angeles Dodgers,San Francisco Giants,Kansas City Royals,
2026-07-05,2nd Base,Easy,ff,"In 2013, what franchise moved from the National League to the American League?",Houston Astros,,,,,
2026-07-05,Shortstop,Medium,ff,Who won the 2021 Rookie of the Year award for the Cincinnati Reds?,Jonathan India,,,,,
2026-07-05,3rd Base,Hard,ff,Tarik Skubal became the first American League pitcher in a quarter-century to win back-to-back Cy Young awards. Who was the last pitcher to accomplish this in the AL?,Pedro Martinez,,,,,
2026-07-05,Left Field,Easy,ff,Brandon Belt played for 13 years in the MLB. What franchise did he spend 12 of those years with?,San Francisco Giants,,,,,
2026-07-05,Center Field,Nightmare,ff,"In 2022, the Houston Astros had three pitchers win at least 15 games. Justin Verlander, Framber Valdez and who?",Luis Garcia,,,,,
2026-07-05,Right Field,Medium,ff,"In 2020, what player did the Boston Red Sox trade along with Mookie Betts to the Los Angeles Dodgers?",David Price,,,,,
2026-07-05,Tiebreaker,Tiebreaker,mc,What franchise won the 2009 World Series?,New York Yankees,New York Yankees,Los Angeles Dodgers,Philadelphia Phillies,Los Angeles Angels,
2026-07-07,Pitcher,Hard,ff,"In 2018, the San Francisco Giants had no player eclipse 60 RBI's. Who led the team with 55 RBI's?",Andrew McCutchen,,,,,
2026-07-07,Catcher,Easy,ff,"What slick-fielding third baseman won ten consecutive Gold Gloves to begin his Major League career, starting with his rookie season in 2013?",Nolan Arenado,,,,,
2026-07-07,1st Base,Medium,ff,"In 2017, what Colorado Rockies player led the MLB with 14 triples?",Charlie Blackmon,,,,,
2026-07-07,2nd Base,Nightmare,ff,"In 2009, what Milwaukee Brewers pitcher managed a 14-7 record despite a 5.22 ERA, leading the majors with 113 earned runs and 39 home runs allowed?",Braden Looper,,,,,
2026-07-07,Shortstop,Hard,ff,"Making his debut with the Oakland Athletics in 2015, who became the first full-time ambidextrous switch-pitcher in modern Major League history?",Pat Venditte,,,,,
2026-07-07,3rd Base,Medium,mc,"Prior to Nick Kurtz winning the award in 2025, who was the last Oakland Athletics player to win the American League Rookie of the Year, doing so in 2009?",Andrew Bailey,Bobby Crosby,Andrew Bailey,Huston Street,Brad Ziegler,
2026-07-07,Left Field,Easy,ff,"Since 2022, what pitcher has led the Toronto Blue Jays in innings pitched?",Kevin Gausman,,,,,
2026-07-07,Center Field,Easy,ff,"In 2017, the Miami Marlins executed a blockbuster trade to send what reigning National League MVP to the New York Yankees?",Giancarlo Stanton,,,,,
2026-07-07,Right Field,Medium,ff,Who is the last player for the Boston Red Sox to eclipse 40 home runs in season?,J.D. Martinez,,,,,
2026-07-07,Tiebreaker,Tiebreaker,mc,What aggressive Detroit Tigers legend set an astonishing modern record by finishing his 24-year career with a .366 lifetime batting average?,Ty Cobb,Harry Heilmann,Sam Crawford,Ty Cobb,Charlie Gehringer,
2026-07-10,Pitcher,Easy,ff,What legendary New York Yankee holds the MLB record for the most career RBIs by a catcher?,Yogi Berra,,,,,
2026-07-10,Catcher,Hard,ff,"In 2021, in a trade they could wish back, the Cleveland Guardians sent Junior Caminero to the Tampa Bay Rays for what active pitcher?",Tobias Myers,,,,,
2026-07-10,1st Base,Easy,ff,"Widely considered one of the greatest all-around players in baseball history, what legendary outfielder was affectionately known as 'The Say Hey Kid'?",Willie Mays,,,,,
2026-07-10,2nd Base,Medium,ff,"Of the ten 60-home-run seasons in MLB history, what player is responsible for three of them?",Sammy Sosa,,,,,
2026-07-10,Shortstop,Hard,ff,"The St. Louis Cardinals franchise is famous for historical speed, but who remains the last Cardinal to swipe 40 bases in a single season?",Delino DeShields,,,,,
2026-07-10,3rd Base,Medium,ff,"A winner of three consecutive batting title, who is the only player to do it for three different franchises?",Luis Arraez,,,,,
2026-07-10,Left Field,Easy,ff,"Despite not being selected to the 2025 All-Star game, what player led the NL in steals and the league in walks?",Juan Soto,,,,,
2026-07-10,Center Field,Medium,mc,What pitcher is the all-time career leader in strikeouts to walk ratio? ,Jacob DeGrom,Chris Sale,Jacob DeGrom,Josh Tomlin,Tommy Bond,
2026-07-10,Right Field,Nightmare,ff,"Finishing second in the AL Cy Young voting despite posting a massive 9.4 WAR, who remains the last Milwaukee Brewers pitcher to win 20 games in a season?",Teddy Higuera,,,,,
2026-07-10,Tiebreaker,Tiebreaker,mc,Nolan Ryan played for four different teams over his historic 27-year career. Which team did he win his only World Series ring with in 1969?,New York Mets,Texas Rangers,New York Mets,California Angels,Houston Astros,
2026-07-12,Pitcher,Medium,ff,"Despite leading the MLB in over 10 offensive categories, including average, runs, home runs and RBI's, what player was snubbed of the MVP in 1942?",Ted Williams,,,,,
2026-07-12,Catcher,Easy,ff,Which MLB franchise has won the most World Series titles in baseball history?,New York Yankees,,,,,
2026-07-12,1st Base,Hard,ff,"Three players share the MLB record for the most consecutive seasons with 100 or more RBIs, with 13 straight seasons each. Name one of the players.",Lou Gehrig|Alex Rodriguez|Jimmie Foxx,,,,,
2026-07-12,2nd Base,Easy,ff,"What legendary ""Iron Man"" holds the MLB record for playing in 2,632 consecutive games?",Cal Ripken Jr.,,,,,
2026-07-12,Shortstop,Medium,ff,"Career Path: Detroit Tigers (2014), Cincinnati Reds (2015-2021, 2026), Seattle Mariners (2022-2023,2025), Arizona Diamondbacks (2024-2025)",Eugenio Suarez,,,,,
2026-07-12,3rd Base,Nightmare,ff,"In 2013, what Opening Day lineup had A.J. Ellis at C, Mark Ellis at 2B, Luis Cruz at SS, and Justin Sellers in 3B?",Los Angeles Dodgers,,,,,
2026-07-12,Left Field,Hard,ff,"Freddie Freeman hit 59 doubles in 2023, just missing the first 60-double milestone since 1936. Name any of the six MLB players who have actually achieved it.",Charlie Gehringer|Joe Medwick|Hank Greenberg|Paul Waner|Earl Webb|George Burns,,,,,
2026-07-12,Center Field,Easy,mc,"Wearing number 42, which legendary New York Yankees closer became the first player in MLB history to be unanimously elected to the Hall of Fame?",Mariano Rivera,Dave Righetti,Mariano Rivera,Aroldis Chapman,Rich Gossage,
2026-07-12,Right Field,Medium,ff,"What three-time all-star for the Los Angeles Angels, edged out Felix Hernandez to led the MLB in strikeouts with 233 in 2010?",Jered Weaver,,,,,
2026-07-12,Tiebreaker,Tiebreaker,mc,"What towering Hall of Fame first baseman and designated hitter dominated the 1990s for the Chicago White Sox, winning back-to-back AL MVP awards in 1993 and 1994?",Frank Thomas,Paul Konerko,Frank Thomas,Jim Thome,Albert Belle,
2026-07-14,Pitcher,Hard,ff,What third baseman led the Colorado Rockies with 467 RBIs over the five-year span from 2005 to 2009?,Garrett Atkins,,,,,
2026-07-14,Catcher,Medium,ff,"Career Path: Texas Rangers (2002), Cleveland Indians (2003-2012), New York Yankees (2013)",Travis Hafner,,,,,
2026-07-14,1st Base,Nightmare,ff,"In 2011, the Baltimore Orioles acquired Chris Davis and Tommy Hunter from the Texas Rangers for what 36-year old reliever?",Koji Uehara,,,,,
2026-07-14,2nd Base,Easy,ff,"In 1999, what Opening Day lineup had Brad Ausmus at C, Tony Clark at 1B, Damion Easley at 2B, and Juan Encarnacion in LF?",Detroit Tigers,,,,,
2026-07-14,Shortstop,Easy,ff,"Which Seattle Mariners legend was nicknamed ""The Kid"" and had one of the most famous swings in baseball history?",Ken Griffey Jr.,,,,,
2026-07-14,3rd Base,Hard,ff,"Edwin Jackson played 17 years in MLB for a record 14 different franchises. Of his 1,960 career innings pitched, which team did he accumulate the most innings with?",Tampa Bay Rays|Tampa Bay Devil Rays,,,,,
2026-07-14,Left Field,Medium,ff,"When he took home the hardware in 2025, what catcher became the first National League catcher to win back-to-back Gold Gloves since Yadier Molina?",Patrick Bailey,,,,,
2026-07-14,Center Field,Easy,ff,What Toronto Blue Jay led the MLB in home runs in 2010 and 2011? ,Jose Bautista,,,,,
2026-07-14,Right Field,Medium,mc,Who is the all-time career leader in At-Bats per Home Run?,Mark McGwire,Aaron Judge,Babe Ruth,Mark McGwire,Barry Bonds,
2026-07-14,Tiebreaker,Tiebreaker,mc,"Before moving on to Toronto, Roger Clemens spent the first 13 seasons of his career winning three Cy Young awards with which franchise?",Boston Red Sox,Texas Rangers,New York Yankees,Boston Red Sox,New York Mets,
2026-07-17,Pitcher,Easy,ff,What current Los Angeles Dodgers superstar made history as the first member of baseball's 50-50 (50 home runs and 50 stolen bases) club?,Shohei Ohtani,,,,,
2026-07-17,Catcher,Nightmare,ff,"Despite a 5.43 ERA in 130 games with the Rockies, what pitcher is the franchises all-time leader in complete games with 14?",Pedro Astacio,,,,,
2026-07-17,1st Base,Medium,ff,The Chicago White Sox have not had a 20-game winner since 2003. Who was it?,Esteban Loaiza,,,,,
2026-07-17,2nd Base,Hard,ff,"During his 1953 National League MVP campaign, what legendary Brooklyn Dodgers backstop became the first catcher to crush 40 home runs in a season?",Roy Campanella,,,,,
2026-07-17,Shortstop,Easy,ff,"Which team plays its home games at Citi Field in Queens, New York, and features a giant Home Run Apple that rises when they hit a home run?",New York Mets,,,,,
2026-07-17,3rd Base,Easy,ff,"What future Hall of Famer did Detroit trade to Atlanta for Doyle Alexander in 1987, who went on to win a Cy Young and become MLB’s only pitcher with 200 wins and 150 saves?",John Smoltz,,,,,
2026-07-17,Left Field,Hard,ff,"Career Path: Colorado Rockies (1995,1997), Florida Marlins (1997-1999), Los Angeles Dodgers (1999), Arizona Diamondbacks (2000-2003,2005-2006), Milwaukee Brewers (2004,2007-2011)",Craig Counsell,,,,,
2026-07-17,Center Field,Medium,mc,"With a minimum of 500 plate appearances, who is the last MLB player to hit over .400 in a single season, finishing the 1941 year with a .406 batting average?",Ted Williams,Joe DiMaggio,Ty Cobb,Ted Williams,Stan Musial,
2026-07-17,Right Field,Medium,ff,"Mike Redmond played 13 years in the MLB, starting in 1998 and ending in 2010. What team did he play the most years for?",Florida Marlins,,,,,
2026-07-17,Tiebreaker,Tiebreaker,mc,"Which legendary shortstop hit a famous, unexpected game-winning home run in the 1985 NLCS, prompting announcer Jack Buck to shout: ""Go crazy, folks! Go crazy!""?",Ozzie Smith,Vince Coleman,Ozzie Smith,Jack Clark,Willie McGee,
2026-07-19,Pitcher,Medium,ff,"In 2000, the Philadelphia Phillies dealt what future three-time World Series champion to the Arizona Diamondbacks for Nelson Figueroa, Travis Lee, Vicente Padilla, and Omar Daal?",Curt Schilling,,,,,
2026-07-19,Catcher,Easy,ff,"In 2022, what longtime Met, who won two Cy Young Awards signed with the Texas Rangers?",Jacob DeGrom,,,,,
2026-07-19,1st Base,Hard,ff,"Career Path: Detroit Tigers (1995-2001), Boston Red Sox (2002), New York Mets (2003), New York Yankees (2004), Arizona Diamondbacks (2005-2008,2009), San Diego Padres (2008)",Tony Clark,,,,,
2026-07-19,2nd Base,Medium,ff,"Converting from a starting pitcher to reliever, what Kansas City Royal posted a 1.00 ERA in 2014 and 0.94 ERA in 2015?",Wade Davis,,,,,
2026-07-19,Shortstop,Nightmare,ff,"In 1989, the Montreal Expos dealt Randy Johnson away in a package to acquire what starting pitcher, who would pitch for 16 years in the MLB. ",Mark Langston,,,,,
2026-07-19,3rd Base,Easy,mc,"What legendary New York Yankees switch-hitter wore number 7, won three MVP awards, and hit 536 career home runs despite playing on severe knee injuries?",Mickey Mantle,Mickey Mantle,Joe DiMaggio,Lou Gehrig,Yogi Berra,
2026-07-19,Left Field,Medium,ff,What team has the longest active streak of consecutive non-winning (losing) seasons in the MLB?,Los Angeles Angels,,,,,
2026-07-19,Center Field,Hard,ff,Who is the last Minnesota Twins player to eclipse 100 walks in a season?,Harmon Killebrew,,,,,
2026-07-19,Right Field,Easy,ff,Which iconic right fielder and humanitarian spent his entire 18-year career with the Pittsburgh Pirates before tragically passing away in a 1972 plane crash?,Roberto Clemente,,,,,
2026-07-19,Tiebreaker,Tiebreaker,mc,"What Minnesota Twins icon spent his entire 19-year career with the franchise, won two World Series titles, and hit a famous walk-off home run in Game 6 of the 1991 World Series?",Kirby Puckett,Harmon Killebrew,Rod Carew,Kent Hrbek,Kirby Puckett,
2026-07-21,Pitcher,Nightmare,ff,Who is the last MLB player to appear in all 162 games in six consecutive seasons?,Miguel Tejada,,,,,
2026-07-21,Catcher,Medium,ff,"The 2009 Philadelphia Phillies outfield consisted Raul Ibanez in left field, Shane Victorino in center field and who in right field?",Jayson Werth,,,,,
2026-07-21,1st Base,Easy,ff,What three-time AL MVP outfielder has spent his entire career playing for the Los Angeles Angels?,Mike Trout,,,,,
2026-07-21,2nd Base,Hard,ff,"Career Path: New York Mets (2002-2003), Oakland Athletics (2004-2007), Toronto Blue Jays (2008-2009), Boston Red Sox (2010-2011), Colorado Rockies (2011), San Francisco Giants (2012-2014)",Marco Scutaro,,,,,
2026-07-21,Shortstop,Easy,ff,What legendary slugger broke Babe Ruth's career home run record in 1974 while playing for the Atlanta Braves?,Hank Aaron,,,,,
2026-07-21,3rd Base,Easy,ff,Which Dominican first baseman won two World Series with the St. Louis Cardinals and joined the exclusive 700-home run club?,Albert Pujols,,,,,
2026-07-21,Left Field,Medium,mc,"In 2018, the Tampa Bay Rays traded Chris Archer to the Pittsburgh Pirates for Austin Meadows, Tyler Glasnow and a player to be named later. Who was that PTBNL?",Shane Baz,Cristopher Sanchez,Jonathan Aranda,Shane Baz,Joe Ryan,
2026-07-21,Center Field,Medium,ff,"Career Path: Baltimore Orioles (2009-2010), New York Mets (2010-2013), Los Angeles Dodgers (2014-2022), Boston Red Sox (2023), Toronto Blue Jays (2024), Seattle Mariners (2024), Chicago Cubs (2025)",Justin Turner,,,,,
2026-07-21,Right Field,Hard,ff,It's been exactly 90 years since the last player eclipsed 160 runs scored. Who accomplished this feat in 1936?,Lou Gehrig,,,,,
2026-07-21,Tiebreaker,Tiebreaker,mc,"What Hall of Fame modern third baseman spent his entire 19-year career with the Atlanta Braves, won the 1999 NL MVP, and hit 468 career home runs?",Chipper Jones,Chipper Jones,Andruw Jones,Dale Murphy,Fred McGriff,
2026-07-24,Pitcher,Easy,ff,Which AL West team features a train that runs along the stadium wall at Daikin Park whenever a home run is hit?,Houston Astros,,,,,
2026-07-24,Catcher,Hard,ff,"Career Path: St. Louis Cardinals (1990-1995), New York Mets (1996-1998), Arizona Diamondbacks (1998-2000), Boston Red Sox (2001), Atlanta Braves (2001)",Bernard Gilkey,,,,,
2026-07-24,1st Base,Medium,mc,Which right-handed pitcher threw a perfect game for the San Francisco Giants in 2012 and won three World Series championships with the franchise?,Matt Cain,Tim Lincecum,Madison Bumgarner,Matt Cain,Barry Zito,
2026-07-24,2nd Base,Easy,ff,"What legendary Los Angeles Dodgers left-handed pitcher threw four no-hitters (including a perfect game), and won three Cy Young Awards in the 1960s?",Sandy Koufax,,,,,
2026-07-24,Shortstop,Medium,ff,"What former pitcher was born without a right hand but defied the odds to play ten seasons in the Major Leagues, including throwing a historic no-hitter for the New York Yankees in 1993?",Jim Abbott,,,,,
2026-07-24,3rd Base,Hard,ff,What pitcher threw the first and only no-hitter in Coors Field history in 1996 despite the extreme high altitude of Denver?,Hideo Nomo,,,,,
2026-07-24,Left Field,Easy,ff,"What clutch outfielder earned the nickname ""Mr. October"" after hitting three consecutive home runs on three pitches in the 1977 World Series?",Reggie Jackson,,,,,
2026-07-24,Center Field,Nightmare,ff,"Who is the last MLB pitcher to win 25 or more games in a single season, achieving the feat back in 1990?",Bob Welch,,,,,
2026-07-24,Right Field,Medium,ff,What modern pitcher threw two separate no-hitters for the Washington Nationals during his dominant 2015 season?,Max Scherzer,,,,,
2026-07-24,Tiebreaker,Tiebreaker,mc,"Hall of Famer Rickey Henderson had a 25-year career in the MLB, spending 14 of those seasons with the Oakland Athletics. What team did he spend the second-most seasons with?",New York Yankees,New York Mets,New York Yankees,San Diego Padres,Seattle Mariners,
2026-07-26,Pitcher,Hard,ff,"Due to a massive player shortage during World War II, which team famously fielded the youngest player in MLB history, a 15-year-old pitcher named Joe Nuxhall?",Cincinnati Reds,,,,,
2026-07-26,Catcher,Easy,ff,Who is the only athlete in sports history to be named an All-Star in MLB (1990) and selected to the Pro Bowl in the NFL?,Bo Jackson,,,,,
2026-07-26,1st Base,Medium,ff,"What pitcher is the most recent MLB hurler to reach the elusive 300-strikeout mark in a single season, racking up 326 strikeouts in 2019?",Gerrit Cole,,,,,
2026-07-26,2nd Base,Nightmare,ff,Who is the only major-leaguer in baseball history to hit a grand slam right-handed and left-handed in the exact same game?,Bill Mueller,,,,,
2026-07-26,Shortstop,Hard,ff,Two managers made baseball history by becoming the first ever to win the Manager of the Year Award in each of their two seasons as an MLB skipper? Name one of them.,Stephen Vogt|Pat Murphy,,,,,
2026-07-26,3rd Base,Medium,mc,Barry Bonds holds the MLB record for the most home runs hit after turning 40 with 79. Who is second on this exclusive list?,Carlton Fisk,Carlton Fisk,Dave Winfield,Albert Pujols,Darrell Evans,
2026-07-26,Left Field,Easy,ff,"Which 1990s expansion franchise made history by reaching and winning the World Series faster than any other expansion team, winning the title in just their fourth year of existence?",Arizona Diamondbacks,,,,,
2026-07-26,Center Field,Easy,ff,Which dominant American League ace joined that exclusive club by locking down back-to-back Cy Young awards in 2024 and 2025?,Tarik Skubal,,,,,
2026-07-26,Right Field,Medium,ff,Who became the first pitcher since Dwight Gooden to follow up a Rookie of the Year campaign by winning the National League Cy Young Award the very next season?,Paul Skenes,,,,,
2026-07-26,Tiebreaker,Tiebreaker,mc,"Prior to Domingo Germán's perfect game for the Yankees in 2023, who was the last MLB pitcher to throw a perfect game, throwing his masterpiece all the way back in August 2012?",Felix Hernandez,Felix Hernandez,Matt Cain,Phillip Humber,Clayton Kershaw,
2026-07-28,Pitcher,Easy,ff,"What St. Louis Cardinals pitcher posted a modern-era-best 1.12 ERA in 1968, a season so dominant the MLB lowered the pitching mound the following year?",Bob Gibson,,,,,
2026-07-28,Catcher,Hard,ff,"What Boston Red Sox legend won the 1967 AL Triple Crown, the last Triple Crown in the American League until Miguel Cabrera in 2012?",Carl Yastrzemski,,,,,
2026-07-28,1st Base,Easy,ff,"What San Francisco Giants catcher won the 2012 NL MVP award after leading the league with a .336 batting average, becoming the first catcher to win an NL batting title in 70 years?",Buster Posey,,,,,
2026-07-28,2nd Base,Medium,ff,"In 1990, what Detroit Tigers first baseman hit 51 home runs, becoming the first player to reach 50 homers in a season since 1977?",Cecil Fielder,,,,,
2026-07-28,Shortstop,Hard,ff,"Career Path: Texas Rangers (2001, 2003-2006), Seattle Mariners (2008), Minnesota Twins (2009), New York Mets (2010-2012), Toronto Blue Jays (2013-2016), Atlanta Braves (2017)",R.A. Dickey,,,,,
2026-07-28,3rd Base,Medium,ff,"What catcher won 10 consecutive Gold Glove Awards from 1968-1977, still tied for the most ever at the position with Ivan Rodriguez.",Johnny Bench,,,,,
2026-07-28,Left Field,Easy,ff,"What St. Louis Cardinals legend finished his career with exactly 3,630 hits, split perfectly 1,815 at home and 1,815 on the road?",Stan Musial,,,,,
2026-07-28,Center Field,Medium,mc,What Houston Astro was named 2017 World Series MVP after tying the record for most home runs in a single World Series with 5?,George Springer,Alex Bregman,Jose Altuve,George Springer,Carlos Correa,
2026-07-28,Right Field,Nightmare,ff,"In 1971, the New York Mets traded a young Nolan Ryan and three prospects to the California Angels for one veteran All-Star infielder. Who was that infielder?",Jim Fregosi,,,,,
2026-07-28,Tiebreaker,Tiebreaker,mc,"In 2022, what Mets pitcher struck out the side to finish off a five-pitcher combined no-hitter against the Phillies, just the second no-hitter in Mets franchise history?",Edwin Diaz,Adam Ottavino,Jeurys Familia,Edwin Diaz,Seth Lugo,
2026-07-31,Pitcher,Medium,ff,"What second baseman batted .424 in 1924, still the highest single-season batting average of the modern era?",Rogers Hornsby,,,,,
2026-07-31,Catcher,Easy,ff,"In 2019, what New York Mets rookie hit 53 home runs, breaking Aaron Judge's two-year-old record for most home runs by a rookie?",Pete Alonso,,,,,
2026-07-31,1st Base,Hard,ff,"After the 2003 season, the Minnesota Twins traded catcher A.J. Pierzynski to the San Francisco Giants. Which pitcher acquired in that deal went on to become an elite All-Star closer?",Joe Nathan,,,,,
2026-07-31,2nd Base,Easy,ff,"In 1941, what New York Yankees center fielder hit safely in 56 consecutive games, a record that still stands today?",Joe DiMaggio,,,,,
2026-07-31,Shortstop,Medium,ff,"What Chicago Cubs shortstop became the first National League player ever to win back-to-back MVP awards, taking home the honor in 1958 and 1959?",Ernie Banks,,,,,
2026-07-31,3rd Base,Nightmare,ff,"In 2007, the Florida Marlins traded Miguel Cabrera and Dontrelle Willis to the Detroit Tigers for a prospect package. What prospect from that package posted a 1.82 ERA over a four-year stretch from 2013-2017?",Andrew Miller,,,,,
2026-07-31,Left Field,Hard,ff,"What outfielder became the first player in MLB history to win MVP in both leagues, taking NL MVP with the Cincinnati Reds in 1961 and AL MVP with the Baltimore Orioles in 1966?",Frank Robinson,,,,,
2026-07-31,Center Field,Easy,mc,"In his first season with the Brewers in 2018, what outfielder won the NL MVP award and narrowly missed becoming the first NL Triple Crown winner in 81 years?",Christian Yelich,Christian Yelich,Ryan Braun,Lorenzo Cain,Jesus Aguilar,
2026-07-31,Right Field,Medium,ff,"What Detroit Tigers outfielder became the youngest batting champion in AL history in 1955, winning the title at age 20 with a .340 average?",Al Kaline,,,,,
2026-07-31,Tiebreaker,Tiebreaker,mc,"At 42 years old, what Cleveland Indians veteran became the oldest to hit a walk-off home run in MLB history in 2013, as a pinch-hitter off the bench?",Jason Giambi,Lonnie Chisenhall,Travis Hafner,Jason Giambi,Shelley Duncan,
2026-08-02,Pitcher,Hard,ff,"Career Path: Cleveland Indians (2003-2010), Detroit Tigers (2010-2013), St. Louis Cardinals (2014-2017)",Jhonny Peralta,,,,,
2026-08-02,Catcher,Medium,ff,"What Philadelphia Phillies third baseman led the NL in home runs eight times and retired with 548 career homers, a record for the position at the time?",Mike Schmidt,,,,,
2026-08-02,1st Base,Nightmare,ff,"In 2008, the Cleveland Indians traded CC Sabathia to the Milwaukee Brewers for a package that included a player to be named later. Which future All-Star outfielder turned out to be that PTBNL?",Michael Brantley,,,,,
2026-08-02,2nd Base,Easy,ff,"What Washington Senators pitcher holds the all-time MLB record for career shutouts with 110, more than any pitcher in history?",Walter Johnson,,,,,
2026-08-02,Shortstop,Easy,ff,"In 2017, what Texas Rangers third baseman collected his 3,000th career hit, becoming just the third player in history to reach the milestone while playing primarily at the position?",Adrian Beltre,,,,,
2026-08-02,3rd Base,Hard,ff,What Hall of Fame speedster stole 808 career bases and holds the highest career stolen-base success rate (84.7%) among players with 400+ attempts?,Tim Raines,,,,,
2026-08-02,Left Field,Medium,ff,"In 1995, what Cincinnati Reds shortstop won the NL MVP award, becoming the first shortstop in 33 years to win the honor since Maury Wills in 1962?",Barry Larkin,,,,,
2026-08-02,Center Field,Easy,ff,What Braves center fielder won 10 consecutive Gold Gloves from 1998-2007 and was elected to the Hall of Fame in 2026 alongside Carlos Beltran?,Andruw Jones,,,,,
2026-08-02,Right Field,Medium,mc,"While analysis suggests Nolan Ryan's 1974 fastball at 100.9 mph would clock at a staggering 108.1 mph using today's release-point tracking, the fastest pitch ever recorded by modern radar was clocked at 105.8 mph by who?",Aroldis Chapman,Ben Joyce,Aroldis Chapman,Mason Miller,Jacob Misiorowski,
2026-08-02,Tiebreaker,Tiebreaker,mc,"At 17 years old, what Brooklyn Dodgers infielder hit a home run in 1945, still the youngest player in MLB history to do so?",Tommy Brown,Ed Stevens,Ed Miksis,Tommy Brown,Duke Snider,
2026-08-04,Pitcher,Easy,ff,"What Cardinals catcher retired with 9 career Gold Gloves, third-most all-time at the position behind Ivan Rodriguez (13) and Johnny Bench (10)?",Yadier Molina,,,,,
2026-08-04,Catcher,Nightmare,ff,"In 1904, what New York Highlanders pitcher won a modern-era record 41 games, a mark that has never been equaled since the American and National Leagues both became ""major leagues"" in 1901?",Jack Chesbro,,,,,
2026-08-04,1st Base,Medium,ff,"In 1990, what Chicago Cubs second baseman hit 40 home runs, at the time the second-most ever by a player at the position?",Ryne Sandberg,,,,,
2026-08-04,2nd Base,Hard,ff,"In 1990, the Boston Red Sox traded a 22-year-old infielder to the Houston Astros for reliever Larry Andersen, in what's still considered one of the most lopsided trades. Who was that infielder?",Jeff Bagwell,,,,,
2026-08-04,Shortstop,Easy,ff,"In 1998, what Cardinals first baseman hit 70 home runs, breaking Roger Maris' single-season record during his chase with Sammy Sosa?",Mark McGwire,,,,,
2026-08-04,3rd Base,Easy,ff,"What Pirates shortstop, elected to the Hall of Fame in 1936, won 8 NL batting titles, tied for the most in league history?",Honus Wagner,,,,,
2026-08-04,Left Field,Hard,ff,"In 2000, the Seattle Mariners traded Ken Griffey Jr. to the Cincinnati Reds. Which outfielder, part of the return package, won two Gold Gloves over the next four seasons?",Mike Cameron,,,,,
2026-08-04,Center Field,Medium,mc,"In 2015, what second baseman became the first NL player to lead the league in both batting average and stolen bases in the same season since Jackie Robinson in 1949?",Dee Gordon,Jose Altuve,Ian Kinsler,Dee Gordon,Jason Kipnis,
2026-08-04,Right Field,Medium,ff,"What Dodgers pitcher set the all-time MLB record for consecutive scoreless innings with 59 in 1988, breaking a mark held by teammate-turned-broadcaster Don Drysdale?",Orel Hershiser,,,,,
2026-08-04,Tiebreaker,Tiebreaker,mc,"What Hall of Famer became the youngest player in MLB history to reach 100 career home runs, doing so at 22 years and 132 days old?",Mel Ott,Johnny Bench,Andruw Jones,Mel Ott,Eddie Mathews,
2026-08-07,Pitcher,Medium,ff,"What pitcher became the first in MLB history to win four consecutive Cy Young Awards, doing so with the Cubs and Braves from 1992-1995?",Greg Maddux,,,,,
2026-08-07,Catcher,Easy,ff,"In 2014, what Dodgers pitcher won both the NL Cy Young and NL MVP awards, becoming the first NL pitcher to sweep both since Bob Gibson in 1968?",Clayton Kershaw,,,,,
2026-08-07,1st Base,Hard,ff,"What Anaheim Angels leadoff hitter had a career-defining season in 2000, racking up an incredible 240 hits and an 8.3 WAR while taking home both a Silver Slugger and a Gold Glove?",Darin Erstad,,,,,
2026-08-07,2nd Base,Medium,ff,"What Reds second baseman won back-to-back NL MVP awards in 1975 and 1976 while leading Cincinnati's ""Big Red Machine"" to consecutive World Series titles?",Joe Morgan,,,,,
2026-08-07,Shortstop,Nightmare,ff,"In 1998, the Seattle Mariners traded Randy Johnson to the Houston Astros for three prospects. Which pitcher in that return went on to win 17 games as a Mariners rookie and make two All-Star teams?",Freddy Garcia,,,,,
2026-08-07,3rd Base,Easy,mc,"What Dodger won the 2019 NL MVP just two years after winning NL Rookie of the Year, becoming the third player in franchise history to win both awards, joining Jackie Robinson and Don Newcombe?",Cody Bellinger,Walker Buehler,Cody Bellinger,Corey Seager,Kenta Maeda,
2026-08-07,Left Field,Medium,ff,"In 1980, what Royals third baseman flirted with a .400 batting average for most of the season before finishing at .390, the highest mark since Ted Williams hit .406 in 1941?",George Brett,,,,,
2026-08-07,Center Field,Hard,ff,"Who is the only switch-hitter in history to reach both 500 career home runs and 3,000 career hits?",Eddie Murray,,,,,
2026-08-07,Right Field,Easy,ff,"Career Path: Cleveland Indians (2001-2008), Milwaukee Brewers (2008), New York Yankees (2009-2019)",CC Sabathia,,,,,
2026-08-07,Tiebreaker,Tiebreaker,mc,"In 2024, what Boston Red Sox player became the youngest in franchise history to reach 200 career home runs, passing a record held by Jim Rice?",Rafael Devers,Xander Bogaerts,Mookie Betts,Jarren Duran,Rafael Devers,
2026-08-09,Pitcher,Nightmare,ff,"In 1884, what Providence Grays pitcher won 59 games (some record books credit him with 60), still the single-season MLB record and considered one of the most unbreakable marks in the sport?",Old Hoss Radbourn,,,,,
2026-08-09,Catcher,Medium,ff,"What switch-hitting center fielder set a still-standing MLB record with 21 runs scored in a single postseason during the Astros' 2004 playoff run, and was elected to the Hall of Fame in 2026?",Carlos Beltran,,,,,
2026-08-09,1st Base,Easy,ff,"What Cardinals shortstop won a record 13 consecutive Gold Glove Awards from 1980-1992, the most ever by a player at the position?",Ozzie Smith,,,,,
2026-08-09,2nd Base,Hard,ff,"In 1997, the Cleveland Indians traded center fielder Kenny Lofton and Alan Embree to the Atlanta Braves for two notable outfielders. Name one of the two players Cleveland received in return.",David Justice|Marquis Grissom,,,,,
2026-08-09,Shortstop,Easy,ff,"What Brewers outfielder passed Robin Yount in 2015 to become the franchise's all-time home run leader, finishing his career with 352?",Ryan Braun,,,,,
2026-08-09,3rd Base,Easy,ff,"In 2004, what Mariners outfielder set the current MLB single-season hits record with 262, breaking George Sisler's 84-year-old mark of 257?",Ichiro Suzuki,,,,,
2026-08-09,Left Field,Medium,mc,"What closer's first five MLB seasons (2010-2014) are considered one of the greatest runs by a reliever in history - a 1.43 ERA, 186 saves, and 14.8 strikeouts per nine innings?",Craig Kimbrel,Kenley Jansen,Craig Kimbrel,Greg Holland,Aroldis Chapman,
2026-08-09,Center Field,Medium,ff,"What Angels outfielder won the 2004 AL MVP award, and was known throughout his career for having one of the strongest throwing arms in baseball history?",Vladimir Guerrero,,,,,
2026-08-09,Right Field,Hard,ff,"Career Path: Cleveland Indians (2002-2005,2016), Boston Red Sox (2006-2008), Kansas City Royals (2009), Oakland Athletics (2010-2016)",Coco Crisp,,,,,
2026-08-09,Tiebreaker,Tiebreaker,mc,"In 1985, at just 21 years old, what Royals pitcher won the AL Cy Young Award and was named World Series MVP after throwing a Game 7 shutout against the Cardinals?",Bret Saberhagen,Bret Saberhagen,Danny Jackson,Charlie Leibrandt,Mark Gubicza,
2026-08-11,Pitcher,Easy,ff,"In 2001, what Giants slugger hit 73 home runs, still the single-season MLB record?",Barry Bonds,,,,,
2026-08-11,Catcher,Hard,ff,"In 1965, the Cincinnati Reds traded a 30-year-old superstar to the Baltimore Orioles for Milt Pappas and two other players. The superstar won the AL Triple Crown and unanimous MVP the very next season. Who was he?",Frank Robinson,,,,,
2026-08-11,1st Base,Medium,mc,"In Game 4 of the 2024 NLDS, what New York Met hit a series-clinching grand slam off Carlos Estevez, becoming just the second player in Mets history to hit a postseason grand slam?",Francisco Lindor,Brandon Nimmo,Mark Vientos,Francisco Lindor,Pete Alonso,
2026-08-11,2nd Base,Easy,ff,"Career Path: Toronto Blue Jays (1993-2004), Florida Marlins (2005), New York Mets (2006-2009).",Carlos Delgado,,,,,
2026-08-11,Shortstop,Medium,ff,"What Yankees pitcher threw the only perfect game in World Series history, doing so against the Dodgers in Game 5 of the 1956 Fall Classic?",Don Larsen,,,,,
2026-08-11,3rd Base,Hard,ff,"In 1973, what Atlanta Braves second baseman hit 43 home runs (42 while playing the position) after never hitting more than 18 in any other season, briefly tying Rogers Hornsby's single-season record for a second baseman?",Davey Johnson,,,,,
2026-08-11,Left Field,Easy,ff,"What Padres outfielder won 8 NL batting titles over his career, tied with Honus Wagner for the most in league history?",Tony Gwynn,,,,,
2026-08-11,Center Field,Nightmare,ff,"In 1991, what hard-throwing high school pitcher was selected No. 1 overall by the Yankees for a then-record $1.55 million bonus, but injured his shoulder in an off-field fight and never reached the majors?",Brien Taylor,,,,,
2026-08-11,Right Field,Medium,ff,"What Yankees catcher won a record 10 World Series championships as a player, more than anyone else in MLB history?",Yogi Berra,,,,,
2026-08-11,Tiebreaker,Tiebreaker,mc,"At the 2024 trade deadline, what Miami Marlins player was traded to the New York Yankees, then learned third base on the fly for a team that reached the World Series that October?",Jazz Chisholm Jr.,Jazz Chisholm Jr.,Anthony Volpe,Xavier Edwards,Otto Lopez,
2026-08-14,Pitcher,Hard,ff,"What team holds the all-time modern-era MLB record for longest losing streak, dropping 23 straight games in 1961?",Philadelphia Phillies,,,,,
2026-08-14,Catcher,Easy,ff,"In 1982, what Athletics outfielder stole 130 bases, still the single-season MLB record?",Rickey Henderson,,,,,
2026-08-14,1st Base,Medium,ff,"What Braves third baseman was part of the first 500-home-run club and, along with Hank Aaron, formed the most prolific home-run-hitting teammate duo in MLB history?",Eddie Mathews,,,,,
2026-08-14,2nd Base,Nightmare,ff,"While Bobby Bonilla day is unofficial holiday in the MLB, Bonilla isn't the only player the Mets are still deferring payment to. What player who last pitched for the Mets in 1995, is still being paid 250k a year?",Bret Saberhagen,,,,,
2026-08-14,Shortstop,Hard,ff,What Dodgers center fielder led the National League in home runs during the 1950s while playing alongside Mickey Mantle and Willie Mays in New York?,Duke Snider,,,,,
2026-08-14,3rd Base,Medium,mc,"In 2021, what shortstop hit for the cycle on his own birthday, tying the modern-era MLB record with his third career cycle?",Trea Turner,Trea Turner,Francisco Lindor,Xander Bogaerts,Corey Seager,
2026-08-14,Left Field,Easy,ff,"Career Path: Cleveland Indians (1991-2002,2011), Philadelphia Phillies (2003-2005,2012), Chicago White Sox (2006-2009), Los Angeles Dodgers (2009), Minnesota Twins (2010-2011), Baltimore Orioles (2012)",Jim Thome,,,,,
2026-08-14,Center Field,Easy,ff,"What Orioles Hall of Famer, who spent his entire 19-year career in Baltimore, is the franchise's all-time leader in wins with 268?",Jim Palmer,,,,,
2026-08-14,Right Field,Medium,ff,"In 1979, at age 39, what Pittsburgh Pirate shared the NL MVP award and led ""We Are Family"" Pittsburgh to a World Series title?",Willie Stargell,,,,,
2026-08-14,Tiebreaker,Tiebreaker,mc,"In his first 79 career games, what Washington Nationals player reached base 119 times, the second-most by any player in his first 80 games in franchise history, behind only Juan Soto?",James Wood,CJ Abrams,Luis Garcia Jr.,Dylan Crews,James Wood,
2026-08-16,Pitcher,Easy,ff,"What pitcher holds the all-time MLB record for career wins with 511, a mark achieved between 1890 and 1911 that is considered one of the most unbreakable records in sports?",Cy Young,,,,,
2026-08-16,Catcher,Hard,ff,"Starting his career as the 1997 Rookie of the Year, what player accumulated a 27.7 WAR over a four-year stretch and won back-to-back batting titles with averages of .357 and .372?",Nomar Garciaparra,,,,,
2026-08-16,1st Base,Easy,ff,"In the February 2004 blockbuster that sent Alex Rodriguez to the New York Yankees, which team received All-Star second baseman Alfonso Soriano and cash in return?",Texas Rangers,,,,,
2026-08-16,2nd Base,Medium,ff,What Blue Jays and Orioles second baseman won 10 Gold Glove Awards over his career and was a first-ballot Hall of Fame inductee in 2011?,Roberto Alomar,,,,,
2026-08-16,Shortstop,Hard,ff,"In 2016, what Washington Nationals acquisition led the team in several offensive categories, including average (.347), home runs (25), and RBI's (104) and finished 2nd in the MVP voting?",Daniel Murphy,,,,,
2026-08-16,3rd Base,Medium,ff,"Career Path: Minnesota Twins (1998-2003), San Francisco Giants (2004), Chicago White Sox (2005-2012), Texas Rangers (2013), Boston Red Sox (2014), St. Louis Cardinals (2014), Atlanta Braves (2015-2016)",A.J. Pierzynski,,,,,
2026-08-16,Left Field,Easy,ff,"In 1998, this catcher was traded from the Dodgers to the Marlins, then just eight days later traded again to the Mets, later saying he had ""been with three teams in a week."" Who was he?",Mike Piazza,,,,,
2026-08-16,Center Field,Medium,mc,"Known for his dazzling glove work and daring baserunning, what Cubs infielder was co-MVP of the 2016 NLCS alongside Jon Lester en route to Chicago's first title since 1908?",Javier Baez,Javier Baez,Anthony Rizzo,Addison Russell,Kris Bryant,
2026-08-16,Right Field,Nightmare,ff,"In 1912, what Pirates outfielder (nicknamed ""Chief"") hit 36 triples, still the single-season MLB record by a wide margin, and more than double his next-best season total?",Owen Wilson,,,,,
2026-08-16,Tiebreaker,Tiebreaker,mc,"In 2026, what 22-year-old became the youngest player since at least 1900 to hit a home run in six consecutive games, passing a record long held by Ken Griffey Jr.?",Junior Caminero,Bobby Witt Jr.,Junior Caminero,Elly De La Cruz,Gunnar Henderson,
2026-08-18,Pitcher,Medium,ff,"Career Path: Texas Rangers (2004-2005), San Diego Padres (2006-2010), Boston Red Sox (2011-2012), Los Angeles Dodgers (2012-2017), New York Mets (2018)",Adrian Gonzalez,,,,,
2026-08-18,Catcher,Easy,ff,"What team became the first franchise based outside the United States to win a World Series, capturing back-to-back titles in 1992 and 1993?",Toronto Blue Jays,,,,,
2026-08-18,1st Base,Hard,ff,"In 1972, what White Sox first baseman won the AL MVP by leading the league in home runs (37) and RBI (113) by such a wide margin that no other player in the league had more than 26 homers or 96 RBI?",Dick Allen,,,,,
2026-08-18,2nd Base,Easy,ff,"Along with the Arizona Diamondbacks, what other franchise joined MLB as an expansion team in 1998, playing its home games at Tropicana Field? Hint: The Original name.",Tampa Bay Devil Rays,,,,,
2026-08-18,Shortstop,Medium,ff,"In 2007, the Texas Rangers traded Mark Teixeira to the Atlanta Braves for a five-prospect package. Which shortstop prospect in that deal became the Rangers' starting shortstop for over a decade?",Elvis Andrus,,,,,
2026-08-18,3rd Base,Nightmare,ff,"What player is the only person in MLB history to be drafted No. 1 overall twice, first by the White Sox in 1971 (he chose college instead) and then by the Angels in 1975?",Danny Goodwin,,,,,
2026-08-18,Left Field,Hard,ff,"In 1931, what Red Sox outfielder hit 67 doubles, still the single-season MLB record 95 years later, despite never hitting more than 30 doubles in any other season of his career?",Earl Webb,,,,,
2026-08-18,Center Field,Easy,mc,"What Dodgers closer, originally signed as a catcher before converting to pitcher, became the franchise's all-time saves leader in 2016 and now ranks among the top 5 closers in MLB history?",Kenley Jansen,Eric Gagne,Kenley Jansen,Jonathan Broxton,Craig Kimbrel,
2026-08-18,Right Field,Medium,ff,"What Hall of Fame pitcher passed Robin Roberts to become the Philadelphia Phillies' all-time wins leader, finishing his Phillies career with 241 victories?",Steve Carlton,,,,,
2026-08-18,Tiebreaker,Tiebreaker,mc,"In 2025, what outfielder, MLB Pipeline's No. 1 overall prospect, made his Red Sox debut just two days after hitting a 497-foot grand slam in Triple-A?",Roman Anthony,Wilyer Abreu,Kristian Campbell,Roman Anthony,Marcelo Mayer,
2026-08-21,Pitcher,Hard,ff,"What team has made just one World Series appearance in franchise history, a seven-game loss to the Cardinals in 1982 with a squad nicknamed ""Harvey's Wallbangers""?",Milwaukee Brewers,,,,,
2026-08-21,Catcher,Medium,ff,"Career Path: Colorado Rockies (2004-2008,2018), Oakland Athletics (2009), St. Louis Cardinals (2009-2016), New York Yankees (2017)",Matt Holliday,,,,,
2026-08-21,1st Base,Nightmare,ff,"In 1932, what infielder struck out just 3 times in 503 at-bats, still the single-season MLB record for fewest strikeouts in a full season, as part of a career in which he struck out only 114 times total?",Joe Sewell,,,,,
2026-08-21,2nd Base,Easy,ff,"What pitcher holds the all-time MLB record with 7 career Cy Young Awards, winning with four different franchises over an 18-year span?",Roger Clemens,,,,,
2026-08-21,Shortstop,Easy,ff,"What franchise has won 11 World Series titles, second only to the Yankees and the most of any National League team?",St. Louis Cardinals,,,,,
2026-08-21,3rd Base,Hard,ff,"In 1968, what Tigers pitcher went 31-6, becoming the last pitcher in MLB history to win 30 games in a season, and swept both the AL MVP and Cy Young Awards?",Denny McLain,,,,,
2026-08-21,Left Field,Medium,ff,"What Hall of Fame pitcher is the New York Yankees' all-time leader in wins, going 236-106 over his entire 16-year career in pinstripes?",Whitey Ford,,,,,
2026-08-21,Center Field,Easy,ff,"What Rockies Hall of Famer, who spent his entire 17-year career in Colorado, is the franchise's all-time leader in hits (2,519), home runs (369), and RBI (1,406)?",Todd Helton,,,,,
2026-08-21,Right Field,Medium,mc,"In 2015, what Astro won AL Rookie of the Year, edging out Cleveland's Francisco Lindor, and became the youngest player in AL history to hit two home runs in a single postseason game?",Carlos Correa,George Springer,Alex Bregman,Teoscar Hernandez,Carlos Correa,
2026-08-21,Tiebreaker,Tiebreaker,mc,"In 2024, what Rangers rookie hit for the cycle against the Orioles, becoming just the second Texas rookie ever to do so and the first MLB cycle of that season?",Wyatt Langford,Josh Smith,Wyatt Langford,Evan Carter,Josh Jung,
2026-08-23,Pitcher,Easy,ff,"Career Path: Cleveland Indians (1993-2000), Boston Red Sox (2001-2008), Los Angeles Dodgers (2008-2010), Chicago White Sox (2010), Tampa Bay Rays (2011).",Manny Ramirez,,,,,
2026-08-23,Catcher,Nightmare,ff,"In 1894, what Boston Beaneaters outfielder hit .440, still the highest single-season batting average with a minimum of 500 plate appearances in MLB history, while also winning the Triple Crown that year?",Hugh Duffy,,,,,
2026-08-23,1st Base,Medium,ff,"What Hall of Fame pitcher is the New York Mets' all-time franchise leader in both wins (198) and strikeouts (2,541)?",Tom Seaver,,,,,
2026-08-23,2nd Base,Hard,ff,"In 1996, what Orioles leadoff hitter and career .256 hitter shocked baseball by hitting 50 home runs, more than double his next-best season total of 24?",Brady Anderson,,,,,
2026-08-23,Shortstop,Easy,ff,"What Twins and Angels Hall of Famer won 7 career batting titles, second all-time only to Ty Cobb's 9?",Rod Carew,,,,,
2026-08-23,3rd Base,Easy,ff,"In 2023, what Orioles infielder became the first unanimous Rookie of the Year winner in franchise history, and the first Baltimore player to win the award since Gregg Olson in 1989?",Gunnar Henderson,,,,,
2026-08-23,Left Field,Hard,ff,"Drafted No. 1 overall by the Padres in 2004, one spot ahead of Justin Verlander, what shortstop-turned-pitcher spent years in prison following a DUI crash before making a surprise MLB comeback as a reliever in 2016?",Matt Bush,,,,,
2026-08-23,Center Field,Medium,mc,"In Game 7 of the 2006 NLCS, what Cardinals rookie struck out Carlos Beltran looking on a curveball with the bases loaded to send St. Louis to the World Series, which they went on to win?",Adam Wainwright,Jason Isringhausen,Adam Wainwright,Brad Thompson,Anthony Reyes,
2026-08-23,Right Field,Medium,ff,"From 1983 to 1989, what Red Sox third baseman recorded seven consecutive 200-hit seasons, an American League record later matched by Ichiro Suzuki?",Wade Boggs,,,,,
2026-08-23,Tiebreaker,Tiebreaker,mc,"In 2024, what rookie moved from shortstop to center field for the first time, then led all rookies in batting average, hits, and home runs on his way to a 2nd-place NL Rookie of the Year finish?",Jackson Merrill,James Outman,Jackson Chourio,Jackson Merrill,Corbin Carroll,
2026-08-25,Pitcher,Medium,ff,"Career Path: Kansas City Royals (1995-2000), Oakland Athletics (2001), Boston Red Sox (2002-2005), New York Yankees (2006-2009), Detroit Tigers (2010), Tampa Bay Rays (2011), Cleveland Indians (2012)",Johnny Damon,,,,,
2026-08-25,Catcher,Easy,ff,"What Twins catcher is the only backstop in MLB history to win three batting titles (2006, 2008, 2009), capped by a .365 average in his 2009 AL MVP season?",Joe Mauer,,,,,
2026-08-25,1st Base,Hard,ff,"The 2025 Colorado Rockies had a forgettable 2025, going 43-119. What pitcher led the way in wins, with 6, nearly 14% of the win total?",Tanner Gordon,,,,,
2026-08-25,2nd Base,Medium,ff,"What Twins Hall of Famer is the franchise's all-time career hits leader with 2,304, a mark Joe Mauer fell just short of before retiring?",Kirby Puckett,,,,,
2026-08-25,Shortstop,Nightmare,ff,"In 1961, what Detroit Tigers first baseman won the AL batting title with a .361 average and hit 41 home runs; however, he batted just .243 the next year and never topped .300 again?",Norm Cash,,,,,
2026-08-25,3rd Base,Easy,mc,"What player was the Washington Nationals' first-ever draft pick in 2005 and retired as the franchise's all-time leader in hits, home runs, RBI, and games played?",Ryan Zimmerman,Ian Desmond,Nick Johnson,Ryan Zimmerman,Austin Kearns,
2026-08-25,Left Field,Medium,ff,"What New York Giants Hall of Famer won 373 career games, still tied for third-most in MLB history and the most in franchise history?",Christy Mathewson,,,,,
2026-08-25,Center Field,Hard,ff,"Career Path: Philadelphia Phillies (1982), Cleveland Indians (1983-1988,1996-1997), Texas Rangers (1989-1993), Chicago White Sox (1994), Milwaukee Brewers (1997), Tampa Bay Devil Rays (1999), Atlanta Braves (2001-2005,2007), New York Mets (2006-2007)",Julio Franco,,,,,
2026-08-25,Right Field,Easy,ff,"What Canadian-born Rockies outfielder set the still-standing franchise record with a .379 batting average in 1999, part of a three-year run (1997-99) in which he hit over .360 each season?",Larry Walker,,,,,
2026-08-25,Tiebreaker,Tiebreaker,mc,"In 2005, the Red Sox traded a top prospect to the Marlins as the centerpiece of a deal for Josh Beckett and Mike Lowell. That prospect went on to win 2006 NL Rookie of the Year. Who was he?",Hanley Ramirez,Hanley Ramirez,Dontrelle Willis,Dan Uggla,Josh Johnson,
2026-08-28,Pitcher,Nightmare,ff,"In Game 5 of the 1920 World Series, what Cleveland second baseman caught a line drive, stepped on second base, and tagged a runner - all in one continuous motion to complete the only unassisted triple play in World Series history?",Bill Wambsganss,,,,,
2026-08-28,Catcher,Medium,ff,"Career Path: Kansas City Royals (1986, 1993-1994), New York Mets (1987-1992, 2003), Toronto Blue Jays (1992,1995), New York Yankees (1995-2000), Boston Red Sox (2001).",David Cone,,,,,
2026-08-28,1st Base,Easy,ff,"What Pittsburgh Pirate superstar hit a record-breaking 122.9 mph home run on May 25, 2025, to claim the title of the hardest-hit ball ever recorded in the Statcast era?",Oniel Cruz,,,,,
2026-08-28,2nd Base,Hard,ff,Who is the last Atlanta Braves pitcher to win 20 games in a season?,Kyle Wright,,,,,
2026-08-28,Shortstop,Easy,ff,"In December 2023, what Japanese right-hander signed a 12-year, $325 million contract with the Dodgers, the largest contract for a pitcher in MLB history?",Yoshinobu Yamamoto,,,,,
2026-08-28,3rd Base,Easy,ff,"In 2022, what Mariners outfielder became the fastest player in MLB history to reach a 25 home run, 25 stolen base season, doing so in just 125 games and beating Mike Trout's previous record?",Julio Rodriguez,,,,,
2026-08-28,Left Field,Medium,mc,"In 2013, what Rangers pitcher struck out a career-high 14 and retired the first 26 Astros he faced, becoming the first pitcher to lose a perfect game with two outs in the ninth since Armando Galarraga in 2010?",Yu Darvish,Cole Hamels,Yu Darvish,Derek Holland,Colby Lewis,
2026-08-28,Center Field,Medium,ff,"In 1990, the Toronto Blue Jays traded Fred McGriff and Tony Fernandez to the San Diego Padres for two future Hall of Famers who helped Toronto win back-to-back World Series in 1992 and 1993. Name one of them.",Joe Carter|Roberto Alomar,,,,,
2026-08-28,Right Field,Hard,ff,Who is the last St. Louis Cardinals player to hit for the cycle?,Nolan Arenado,,,,,
2026-08-28,Tiebreaker,Tiebreaker,mc,"In Game 6 of the 2011 World Series, what Cardinal hit a game-tying triple in the 9th and a walk-off home run in the 11th, twice saving St. Louis from elimination against the Rangers?",David Freese,David Freese,Yadier Molina,Matt Holliday,Albert Pujols,
2026-08-30,Pitcher,Easy,ff,"In 2023, what Rangers shortstop won his second career World Series MVP award (Dodgers in 2020), becoming just the second position player ever to win the award twice, after Reggie Jackson?",Corey Seager,,,,,
2026-08-30,Catcher,Hard,ff,"In 2010, what Tigers pitcher retired what should have been a perfect game's 27th and final batter, only for umpire Jim Joyce to blow the call and rule the runner safe - a game now known as the ""28-out perfect game""?",Armando Galarraga,,,,,
2026-08-30,1st Base,Medium,mc,"What Yankees pitcher came within one strike of perfection against the Red Sox on September 2, 2001, before Carl Everett's pinch-hit single ended it?",Mike Mussina,Andy Pettitte,David Cone,Mike Mussina,Roger Clemens,
2026-08-30,2nd Base,Easy,ff,"In January 2024, what All-Star closer signed a 5-year, $95 million deal with the Astros, the largest present-day-value contract for a reliever in MLB history?",Josh Hader,,,,,
2026-08-30,Shortstop,Medium,ff,"What team set the modern MLB record for wins in a season with 116 in 2001, tying the 1906 Chicago Cubs, and became the first 110-win team in history to fail to reach the World Series?",Seattle Mariners,,,,,
2026-08-30,3rd Base,Hard,ff,"Career Path: Chicago White Sox (1986), Pittsburgh Pirates (1986-1991), New York Mets (1992-1995,1999), Baltimore Orioles (1995-1996), Florida Marlins (1997-1998), Los Angeles Dodgers (1998), Atlanta Braves (2000), St. Louis Cardinals (2001).",Bobby Bonilla,,,,,
2026-08-30,Left Field,Easy,ff,"In 1993, what Rangers outfielder misplayed a fly ball off Cleveland's Carlos Martinez so badly that it bounced off the top of his head and over the wall for a home run?",Jose Canseco,,,,,
2026-08-30,Center Field,Nightmare,ff,"In Game 1 of the 2000 NLDS, what Cardinals rookie pitcher inexplicably threw 5 wild pitches in a single inning (still a postseason record)?",Rick Ankiel,,,,,
2026-08-30,Right Field,Medium,ff,"What team ended an 88-year World Series championship drought in 2005, winning their first title since 1917 by sweeping the Houston Astros?",Chicago White Sox,,,,,
2026-08-30,Tiebreaker,Tiebreaker,mc,"What eight-time Gold Glove third baseman was elected to the Hall of Fame in 2023 by the narrowest possible margin, clearing the 75% threshold by exactly 5 votes?",Scott Rolen,Todd Helton,Chipper Jones,Adrian Beltre,Scott Rolen,
2026-09-01,Pitcher,Hard,ff,"In Game 5 of the 1999 NLCS, what New York Mets third baseman hit a walk-off grand slam in the 15th inning, but was mobbed by teammates before he could round the bases, so the play was officially scored as a single - forever remembered as the ""Grand Slam Single""?",Robin Ventura,,,,,
2026-09-01,Catcher,Easy,ff,"Career Path: Texas Rangers (1991-2002), Florida Marlins (2003), Detroit Tigers (2004-2008), New York Yankees (2008), Houston Astros (2009), Washington Nationals (2010-2011).",Ivan Rodriguez,,,,,
2026-09-01,1st Base,Medium,ff,"What franchise holds the all-time MLB record for most consecutive division titles, winning 14 in a row from 1991 to 2005 (excluding the strike-shortened 1994 season)?",Atlanta Braves,,,,,
2026-09-01,2nd Base,Nightmare,ff,"In June 1938, what Reds pitcher became the only player in MLB history to throw no-hitters in back-to-back starts, a record considered truly unbreakable since it would require three consecutive no-hitters to top it?",Johnny Vander Meer,,,,,
2026-09-01,Shortstop,Hard,ff,"On April 23, 1999, what Cardinals third baseman hit two grand slams in the same inning off the same pitcher (Chan Ho Park), a feat that has never been repeated since?",Fernando Tatis Sr.,,,,,
2026-09-01,3rd Base,Medium,mc,"What manager, who ran the Philadelphia Athletics for 50 consecutive seasons, holds the all-time MLB records for BOTH most career wins (3,731) AND most career losses (3,948) by a manager?",Connie Mack,John McGraw,Connie Mack,Bucky Harris,Joe McCarthy,
2026-09-01,Left Field,Easy,ff,"In 2022, what Marlins pitcher won a unanimous NL Cy Young Award (the first in franchise history) while leading MLB in innings pitched (228.2) and complete games (6), both rare workhorse totals?",Sandy Alcantara,,,,,
2026-09-01,Center Field,Easy,ff,"In 2022, what Braves outfielder skipped Triple-A entirely, debuted straight from Double-A, and went on to win NL Rookie of the Year over his own teammate, pitcher Spencer Strider?",Michael Harris II,,,,,
2026-09-01,Right Field,Medium,ff,"In 2023, what team tied the MLB modern-era record for best start to a season, winning their first 13 games and matching the 1982 Braves and 1987 Brewers?",Tampa Bay Rays,,,,,
2026-09-01,Tiebreaker,Tiebreaker,mc,"After breaking his right arm twice as a kid and teaching himself to throw left-handed, what 5-foot-10 closer topped 100 mph on the radar gun and became the first left-handed reliever ever elected to the Hall of Fame in 2025?",Billy Wagner,Randy Myers,Dave Righetti,Billy Wagner,John Franco,
2026-09-04,Pitcher,Easy,ff,"In 2018, what Red Sox outfielder won the AL MVP award while leading the league in batting average (.346), helping Boston to a franchise-record 108 wins and a World Series title?",Mookie Betts,,,,,
2026-09-04,Catcher,Hard,ff,"In 1951, what 3-foot-7 pinch hitter drew a walk in his only career MLB plate appearance for the St. Louis Browns, a publicity stunt orchestrated by owner Bill Veeck that gave him a perfect career on-base percentage of 1.000?",Eddie Gaedel,,,,,
2026-09-04,1st Base,Easy,ff,"Known for his iconic handlebar mustache, what Athletics/Padres/Brewers closer won both the AL MVP and Cy Young Award in 1981?",Rollie Fingers,,,,,
2026-09-04,2nd Base,Medium,ff,"Career Path: Seattle Mariners (2005-2006), Cleveland Indians (2007-2012), Cincinnati Reds (2013), Texas Rangers (2014-2020)",Shin-Soo Choo,,,,,
2026-09-04,Shortstop,Hard,ff,"What Blue Jays ace lost FOUR separate no-hit bids in the ninth inning between 1985 and 1989 (including back-to-back starts and a perfect game with two outs to go) before finally completing the only no-hitter in franchise history on September 2, 1990?",Dave Stieb,,,,,
2026-09-04,3rd Base,Medium,ff,"What franchise owns the longest active championship drought in MLB, having not won a World Series since 1948?",Cleveland Guardians,,,,,
2026-09-04,Left Field,Easy,ff,"What Hall of Fame closer, known for his 100 mph fastball and intimidating presence on the mound, saved 310 games for the Yankees, Padres, and seven other teams over a 22-year career?",Goose Gossage,,,,,
2026-09-04,Center Field,Medium,mc,"In 2006, what first baseman won the NL MVP award and became the fastest player in MLB history to reach both 100 and 200 career home runs?",Ryan Howard,Adrian Gonzalez,Mark Teixeira,Ryan Howard,Albert Pujols,
2026-09-04,Right Field,Nightmare,ff,"In 1959, what Pirates pitcher retired 36 consecutive batters over 12 perfect innings against the Braves, only to lose the perfect game, the no-hitter, and the game itself in the 13th inning?",Harvey Haddix,,,,,
2026-09-04,Tiebreaker,Tiebreaker,mc,"In the shortened 2020 season, what Indians pitcher won the AL pitching Triple Crown (wins, ERA, strikeouts) and was named unanimous AL Cy Young winner?",Shane Bieber,Zach Plesac,Trevor Bauer,Corey Kluber,Shane Bieber,
2026-09-06,Pitcher,Medium,ff,"What team reached its only World Series in 2007 after winning 21 of its final 22 regular-season games, but was swept by the Red Sox in the Fall Classic?",Colorado Rockies,,,,,
2026-09-06,Catcher,Easy,ff,"Known as ""Big Papi,"" what Red Sox designated hitter won three World Series championships (2004, 2007, 2013) and was named 2013 World Series MVP?",David Ortiz,,,,,
2026-09-06,1st Base,Hard,ff,"In 1983, what outfielder hit the first (and to this day still only) grand slam in MLB All-Star Game history, off Atlee Hammaker at the 50th anniversary Midsummer Classic?",Fred Lynn,,,,,
2026-09-06,2nd Base,Easy,ff,"What team plays its home games at Camden Yards, the ballpark that opened in 1992 and kicked off baseball's trend of ""retro-classic"" stadium design?",Baltimore Orioles,,,,,
2026-09-06,Shortstop,Medium,ff,"What Giants Hall of Famer retired in 1980 with the most career home runs ever by a left-handed hitter in the National League, a record that stood until Barry Bonds broke it in 2001?",Willie McCovey,,,,,
2026-09-06,3rd Base,Nightmare,ff,"In 1993, what Cardinals outfielder hit four home runs and drove in 12 runs in a single game, becoming the only player in MLB history to appear on both the all-time single-game home run list and the all-time single-game RBI record list?",Mark Whiten,,,,,
2026-09-06,Left Field,Hard,ff,Who is the last Minnesota Twins player to win the AL Rookie of the Year?,Marty Cordova,,,,,
2026-09-06,Center Field,Easy,mc,What Giants pitcher was named 2014 World Series MVP after winning two starts and closing out Game 7 with 5 scoreless innings of relief on two days' rest?,Madison Bumgarner,Madison Bumgarner,Jake Peavy,Tim Lincecum,Matt Cain,
2026-09-06,Right Field,Medium,ff,"In 1981, what Dodgers rookie pitcher became the first (and still only) player in MLB history to win the Rookie of the Year and Cy Young Award in the same season?",Fernando Valenzuela,,,,,
2026-09-06,Tiebreaker,Tiebreaker,mc,"In 2026, what Guardians third baseman broke a 108-year-old franchise record for career games played, previously held by Terry Turner since 1918?",Jose Ramirez,Carlos Santana,Jose Ramirez,Steven Kwan,Brayan Rocchio,
2026-09-08,Pitcher,Hard,ff,Who is the last Cleveland Guardians player to hit 40+ home runs in a season?,Travis Hafner,,,,,
2026-09-08,Catcher,Medium,ff,"What Brewers Hall of Famer put together a 39-game hitting streak in 1987, still the longest in the American League since Joe DiMaggio's 56-gamer in 1941?",Paul Molitor,,,,,
2026-09-08,1st Base,Nightmare,ff,"In 1972, what Cubs pitcher is the only pitcher in MLB history to lose a perfect game by walking the 27th batter he faced, settling for a no-hitter instead?",Milt Pappas,,,,,
2026-09-08,2nd Base,Easy,ff,"In 2001, what Opening Day lineup had John Olerud at 1B, Bret Boone at 2B, David Bell at 3B, and Edgar Martinez at DH?",Seattle Mariners,,,,,
2026-09-08,Shortstop,Easy,ff,"In 2010, what outfielder was selected No. 1 overall by the Washington Nationals after starring at a junior college, and went on to win NL MVP awards in 2015 and 2021?",Bryce Harper,,,,,
2026-09-08,3rd Base,Hard,ff,Who is the last Houston Astros player to lead MLB in stolen bases?,Michael Bourn,,,,,
2026-09-08,Left Field,Medium,ff,"In Game 1 of the 1988 World Series, what injured Dodgers slugger hit a pinch-hit, walk-off two-run homer off Athletics closer Dennis Eckersley, in what was his only plate appearance of the entire series?",Kirk Gibson,,,,,
2026-09-08,Center Field,Easy,ff,Who is the last Pittsburgh Pirates player to win the NL MVP award?,Andrew McCutchen,,,,,
2026-09-08,Right Field,Medium,mc,"In 2015, what pitcher posted a 1.66 ERA, the lowest by any qualified starter since Greg Maddux's 1.63 in 1995?",Zack Greinke,Jake Arrieta,Zack Greinke,Max Scherzer,Clayton Kershaw,
2026-09-08,Tiebreaker,Tiebreaker,mc,"What Brewers catcher became the first backstop in Milwaukee franchise history to win a Silver Slugger Award, doing so in 2023?",William Contreras,Victor Caratini,William Contreras,Gary Sanchez,Omar Narvaez,
2026-09-11,Pitcher,Easy,ff,"In 1996, what Opening Day lineup had Tino Martinez at 1B, Wade Boggs at 3B, Derek Jeter at SS, and Paul O'Neill in RF?",New York Yankees,,,,,
2026-09-11,Catcher,Nightmare,ff,Who holds the all-time North American minor league career record with 433 home runs?,Mike Hessman,,,,,
2026-09-11,1st Base,Medium,ff,"What Indians pitcher threw the only Opening Day no-hitter in MLB history, blanking the White Sox 1-0 on April 16, 1940?",Bob Feller,,,,,
2026-09-11,2nd Base,Hard,ff,"What Braves outfielder became the youngest player in MLB history to win back-to-back NL MVP awards, taking home the honor in both 1982 and 1983?",Dale Murphy,,,,,
2026-09-11,Shortstop,Easy,ff,"At age 59, what legend became the oldest player ever to appear in an MLB game, pitching three scoreless innings for the Kansas City Athletics in 1965?",Satchel Paige,,,,,
2026-09-11,3rd Base,Easy,ff,"In 1993, what 17-year-old shortstop out of Miami became the youngest No. 1 overall pick in MLB Draft history, selected by the Seattle Mariners?",Alex Rodriguez,,,,,
2026-09-11,Left Field,Hard,ff,"In Game 7 of the 1991 World Series, what Twins pitcher threw 10 shutout innings to beat the Braves 1-0 and win World Series MVP, a feat no pitcher has matched in a postseason game since?",Jack Morris,,,,,
2026-09-11,Center Field,Medium,mc,"What Indians pitcher won AL Cy Young Awards in both 2014 and 2017, becoming the first pitcher in franchise history to win the award multiple times?",Corey Kluber,Shane Bieber,Corey Kluber,Carlos Carrasco,Trevor Bauer,
2026-09-11,Right Field,Medium,ff,"Known as the ""Cuban Comet,"" what player became the first Black player in Chicago White Sox history in 1951, and later became one of only two players to appear in an MLB game in five different decades?",Minnie Minoso,,,,,
2026-09-11,Tiebreaker,Tiebreaker,mc,"In 2025, what Reds ace threw a one-hit complete-game shutout against the playoff-bound Cubs, still touching 101.5 mph on his fastball in the ninth inning?",Hunter Greene,Nick Lodolo,Graham Ashcraft,Andrew Abbott,Hunter Greene,
2026-09-13,Pitcher,Medium,ff,Who is the last San Francisco Giants pitcher to throw a no-hitter?,Blake Snell,,,,,
2026-09-13,Catcher,Easy,ff,"What White Sox first baseman broke Frank Thomas' franchise record for career total bases in 2013, finishing his 16-year Chicago career with 3,950?",Paul Konerko,,,,,
2026-09-13,1st Base,Hard,ff,"In 1998, what Opening Day lineup had Quinton McCracken in CF, Miguel Cairo at 2B, John Flaherty at C, and Kevin Stocker at SS?",Tampa Bay Devil Rays,,,,,
2026-09-13,2nd Base,Medium,ff,"What outfielder was the No. 1 overall pick in the 1999 MLB Draft by the Tampa Bay Devil Rays, then battled years of injuries and addiction before resurfacing with the Reds and Rangers, ultimately winning the 2010 AL MVP award?",Josh Hamilton,,,,,
2026-09-13,Shortstop,Nightmare,ff,"On May 13, 1952, what 19-year-old Pirates farmhand struck out 27 batters in a nine-inning no-hitter for the Class-D Bristol Twins, still the only 27-strikeout, nine-inning game in the history of professional baseball?",Ron Necciai,,,,,
2026-09-13,3rd Base,Easy,mc,"In 2015, what Orioles third baseman won his second career Gold Glove Award, becoming just the second third baseman in franchise history to win the award multiple times, joining Brooks Robinson?",Manny Machado,Evan Longoria,Josh Donaldson,Adrian Beltre,Manny Machado,
2026-09-13,Left Field,Medium,ff,Who is the last Philadelphia Phillies player to win a batting title?,Trea Turner,,,,,
2026-09-13,Center Field,Hard,ff,"Since 2021, what pitcher has the most strikeouts for the New York Mets?",David Peterson,,,,,
2026-09-13,Right Field,Easy,ff,"In 2005, what outfielder became the No. 1 overall pick by the Diamondbacks, making him and his brother (drafted No. 2 in 2002) the only siblings ever to both be top-two picks in separate MLB Drafts?",Justin Upton,,,,,
2026-09-13,Tiebreaker,Tiebreaker,mc,What Guardians player won 3 consecutive Gold Gloves (2022-2024) and a Platinum Glove Award?,Andres Gimenez,Myles Straw,Jose Ramirez,Andres Gimenez,Steven Kwan,
2026-09-15,Pitcher,Nightmare,ff,What modern MLB outfielder set an all-time record for position players by playing 440 consecutive games and handling 816 total chances without being charged with a single error?,Robbie Grossman,,,,,
2026-09-15,Catcher,Medium,ff,"What Indians catcher suffered a fractured, separated shoulder when Pete Rose barreled into him at home plate to score the winning run in the 1970 All-Star Game, an injury that derailed what had been a breakout season?",Ray Fosse,,,,,
2026-09-15,1st Base,Easy,ff,"In 2014, what Phillies shortstop passed Mike Schmidt to become the franchise's all-time hits leader, finishing his career with 2,306 hits in a Phillies uniform?",Jimmy Rollins,,,,,
2026-09-15,2nd Base,Hard,ff,"In the 1934 All-Star Game, what Giants screwball pitcher struck out five future Hall of Famers in a row - Babe Ruth, Lou Gehrig, Jimmie Foxx, Al Simmons, and Joe Cronin?",Carl Hubbell,,,,,
2026-09-15,Shortstop,Easy,ff,"In 2024, what Guardians closer set the franchise single-season saves record with 47?",Emmanuel Clase,,,,,
2026-09-15,3rd Base,Easy,ff,What Blue Jays first baseman led Toronto to the 2025 World Series and has made five career All-Star teams?,Vladimir Guerrero Jr.,,,,,
2026-09-15,Left Field,Medium,mc,"On April 25, 1976, what Cubs outfielder sprinted across the Dodger Stadium outfield to snatch an American flag away from two protesters who were attempting to set it on fire mid-game?",Rick Monday,Joe Wallis,Rick Monday,Bobby Murcer,Champ Summers,
2026-09-15,Center Field,Medium,ff,"What Brewers legend played his entire 20-year career in Milwaukee, won two MVP awards and holds the franchise record for career hits, games, and RBI?",Robin Yount,,,,,
2026-09-15,Right Field,Hard,ff,"In 1987, what outfielder won the NL MVP award while playing for a last-place Cubs team, leading the league with 49 home runs and 137 RBI?",Andre Dawson,,,,,
2026-09-15,Tiebreaker,Tiebreaker,mc,"In Game 4 of the 2022 NLDS, what Phillies catcher became the first backstop in MLB postseason history to hit an inside-the-park home run?",J.T. Realmuto,Buster Posey,J.T. Realmuto,Willson Contreras,Salvador Perez,
2026-09-18,Pitcher,Easy,ff,"Less than a year after completing treatment for lymphoma and winning the clinching game of the 2007 World Series, what Red Sox pitcher threw a no-hitter against the Royals in May 2008, the first by a Boston lefty since 1956?",Jon Lester,,,,,
2026-09-18,Catcher,Hard,ff,"In Game 7 of the 1960 World Series, what Pirates second baseman hit a walk-off home run off Ralph Terry, still the only time a World Series has ended on a home run in a Game 7?",Bill Mazeroski,,,,,
2026-09-18,1st Base,Medium,mc,"What Hall of Fame manager holds the all-time MLB record for career ejections with 162, thirty more than the next-closest manager, John McGraw?",Bobby Cox,Bobby Cox,Lou Piniella,Earl Weaver,Tony La Russa,
2026-09-18,2nd Base,Easy,ff,"What Hall of Fame outfielder was drafted by four different professional leagues across three sports (MLB, NBA, ABA, and NFL) coming out of the University of Minnesota in 1973, and went straight to the majors without ever playing a minor league game?",Dave Winfield,,,,,
2026-09-18,Shortstop,Medium,ff,"When the Red Sox won the 2018 World Series, who was the only player on the roster who had also been part of Boston's 2013 championship team five years earlier?",Xander Bogaerts,,,,,
2026-09-18,3rd Base,Hard,ff,"Nicknamed ""The Bird"" for his resemblance to the Sesame Street character, what Tigers rookie pitcher won 1976 AL Rookie of the Year after captivating the country by talking to the baseball and manicuring the mound between pitches?",Mark Fidrych,,,,,
2026-09-18,Left Field,Easy,ff,"In 2024, what 35-year-old Braves left-hander, acquired in an offseason trade from Boston, won the NL pitching Triple Crown and his first career Cy Young Award, beating out Zack Wheeler and Paul Skenes?",Chris Sale,,,,,
2026-09-18,Center Field,Nightmare,ff,"Career Path: Los Angeles Dodgers (1994-2001,2008), Texas Rangers (2002-2005), San Diego Padres (2005-2006), New York Mets (2007), Philadelphia Phillies (2009), New York Yankees (2010), Pittsburgh Pirates (2010).",Chan Ho Park,,,,,
2026-09-18,Right Field,Medium,ff,"In 1998, the Dodgers traded Mike Piazza and Todd Zeile to the Marlins in a blockbuster deal. Which star outfielder did Los Angeles get back as the headline piece, only to trade him to the Braves a few years later?",Gary Sheffield,,,,,
2026-09-18,Tiebreaker,Tiebreaker,mc,"What third baseman won Gold Gloves with three different franchises, tying for the most Gold Gloves won across 3+ teams by any player since 2000?",Matt Chapman,Nolan Arenado,Matt Chapman,Manny Machado,Adrian Beltre,
2026-09-20,Pitcher,Hard,ff,"Accumulating 620 steals, good for 16th all-time, what Atlanta Braves player recorded a 6-steal game in 1991?",Otis Nixon,,,,,
2026-09-20,Catcher,Easy,ff,"In 2026, what Pittsburgh Pirates player became the 17th player in the modern era to knock in at least 10 RBI's in a game? ",Ryan O'Hearn,,,,,
2026-09-20,1st Base,Medium,ff,"In 2026, what Miami Marlins player became the second player in franchise history to record a 4 steal game?",Jakob Marsee,,,,,
2026-09-20,2nd Base,Nightmare,ff,"In 2006, Johan Santana won the AL Cy Young. What New York Yankee, who recorded 19 wins, finished as the runner-up?",Chien-Ming Wang,,,,,
2026-09-20,Shortstop,Hard,ff,"Career Path: Arizona Diamondbacks (2007-2010), Baltimore Orioles (2011-2012), Cleveland Indians (2013), New York Yankees (2013), Milwaukee Brewers (2014), St. Louis Cardinals (2015), Colorado Rockies (2015-2016,2018), Washington Nationals (2017)",Mark Reynolds,,,,,
2026-09-20,3rd Base,Medium,mc,What Twins center fielder is the only player in MLB history with 100+ career stolen base attempts and a success rate of 90% or better?,Byron Buxton,Cesar Tovar,Sam Rice,Clyde Milan,Byron Buxton,
2026-09-20,Left Field,Easy,ff,What franchise won its first World Series championship in franchise history in 2019?,Washington Nationals,,,,,
2026-09-20,Center Field,Easy,ff,"From 2011-2017, what player manned shortstop for the Baltimore Orioles?",J.J. Hardy,,,,,
2026-09-20,Right Field,Medium,ff,"In 2026, what Colorado Rockies player made franchise history, becoming the first Rockie to record multiple three-homer games in a season?",Hunter Goodman,,,,,
2026-09-20,Tiebreaker,Tiebreaker,mc,"Who was named World Series MVP in 1974, capping the Oakland Athletics' three-peat with a win and two saves against the Dodgers?",Rollie Fingers,Catfish Hunter,Rollie Fingers,Reggie Jackson,Vida Blue,
2026-09-22,Pitcher,Easy,ff,"In 2025, what closer did the San Diego Padres acquire from the Athletics for prospect package headlined by Leo De Vries?",Mason Miller,,,,,
2026-09-22,Catcher,Hard,ff,"In 2008, what Opening Day lineup had Dioner Navarro at C, Willy Aybar at 3B, Eric Hinske at RF, and Cliff Floyd in DH?",Tampa Bay Rays,,,,,
2026-09-22,1st Base,Easy,ff,"What Braves pitcher won two Cy Young Awards (1991, 1998) and was named World Series MVP in 1995, as part of the same rotation as Greg Maddux and John Smoltz?",Tom Glavine,,,,,
2026-09-22,2nd Base,Medium,ff,"In 2016, what Minnesota Twin became, at the time, only the fourth second baseman to hit 40 homers in a season in MLB history?",Brian Dozier,,,,,
2026-09-22,Shortstop,Hard,ff,"Career Path: Tampa Bay Devil Rays/Rays (2004-2009), Los Angeles Angels (2009-2011), Cleveland Indians (2013), Oakland Athletics (2014-2015), Houston Astros (2015), Los Angeles Dodgers (2016), San Francisco Giants (2021)",Scott Kazmir,,,,,
2026-09-22,3rd Base,Medium,ff,"What closer set the all-time MLB record for most consecutive saves converted, going 84-for-84 from August 2002 to July 2004 without blowing a single save?",Eric Gagne,,,,,
2026-09-22,Left Field,Easy,ff,"What Padres closer became the first pitcher in MLB history to reach 600 career saves, retiring with 601 - second all-time only to Mariano Rivera?",Trevor Hoffman,,,,,
2026-09-22,Center Field,Medium,mc,"What Royals infielder broke George Brett's franchise hitting-streak record (31 games, spanning the 2018-2019 seasons), and became the first player since Ichiro Suzuki to lead all of MLB in hits in back-to-back seasons?",Whit Merrifield,Alex Gordon,Whit Merrifield,Salvador Perez,Alcides Escobar,
2026-09-22,Right Field,Nightmare,ff,"In 2026, Kansas City Royals pitcher Michael Wacha made his second career All-Star team, 11 years after his first. What pitcher holds the actual record, with a 12-year gap between his two All-Star selections?",Bert Blyleven,,,,,
2026-09-22,Tiebreaker,Tiebreaker,mc,"Who holds the single-game MLB record for strikeouts by a pitcher, fanning 21 batters in a 16-inning game in 1962?",Tom Cheney,Tom Cheney,Sandy Koufax,Bob Feller,Nolan Ryan,
2026-09-25,Pitcher,Medium,ff,"In 2017, what Tampa Bay Ray led the MLB in saves with 47?",Alex Colome,,,,,
2026-09-25,Catcher,Easy,ff,"From 2006-2014, what player manned right field for the Baltimore Orioles?",Nick Markakis,,,,,
2026-09-25,1st Base,Hard,ff,No Chicago Cub has hit 40 home runs in a season since 2005. Who hit 46 home runs in 2005?,Derrek Lee,,,,,
2026-09-25,2nd Base,Easy,ff,"What franchise won its second World Series championship in 2015, ending a 30-year title drought?",Kansas City Royals,,,,,
2026-09-25,Shortstop,Medium,ff,"Career Path: Los Angeles Angels (2005-2012), Kansas City Royals (2013,2021), Atlanta Braves (2014), Minnesota Twins (2015-2018), Chicago White Sox (2019)",Ervin Santana,,,,,
2026-09-25,3rd Base,Nightmare,ff,"Despite a 17-year career in the MLB, what relief pitcher, who finished his career with less than 100 career saves, won the NL Cy Young in 1989 - posting a 1.85 era and 44 saves?",Mark Davis,,,,,
2026-09-25,Left Field,Hard,ff,What hall of fame pitcher holds the record for the most runs given up in a season with 50?,Bert Blyleven,,,,,
2026-09-25,Center Field,Easy,mc,What outfielder set the Pittsburgh Pirates' single-season home run record with 54 in 1949?,Ralph Kiner,Wally Westlake,Ralph Kiner,Hank Greenberg,Gus Bell,
2026-09-25,Right Field,Medium,ff,"In 2025, Junior Caminero hit 45 home runs, falling one shy of the Tampa Bay Rays' single-season franchise record of 46, set back in 2007. Who set that record?",Carlos Pena,,,,,
2026-09-25,Tiebreaker,Tiebreaker,mc,"Who holds the record for most stolen bases in a single World Series, swiping 7 bags for the Cardinals in 1967?",Lou Brock,Lou Brock,Maury Wills,Rickey Henderson,Ozzie Smith,
2026-09-27,Pitcher,Hard,ff,"What team did the Baltimore Orioles acquire Adam Jones from, in a trade back in 2008 where they shipped out Erik Bedard?",Seattle Mariners,,,,,
2026-09-27,Catcher,Medium,ff,"Career Stats: .288 AVG, 3,020 H, 569 HR, 1,835 RBI, 4x All-Star. One of the members of the 500 HR/3,000 hit club, but never inducted into the Hall of Fame after testing positive for steroids.",Rafael Palmeiro,,,,,
2026-09-27,1st Base,Nightmare,ff,"Career Path: Milwaukee Brewers (2011-2016), Los Angeles Angels (2017-2018), Houston Astros (2018,2019-2023), Kansas City Royals (2019), Chicago Cubs (2019), Chicago White Sox (2024), San Diego Padres (2025)",Martin Maldonado,,,,,
2026-09-27,2nd Base,Easy,ff,"From 2015 to 2021, what player manned catcher for the New York Yankees?",Gary Sanchez,,,,,
2026-09-27,Shortstop,Easy,ff,"Kenny Lofton played 11 different franchises in his 17-year MLB career. What franchise was Lofton most synonymous with, playing 10 years with?",Cleveland Indians,,,,,
2026-09-27,3rd Base,Hard,ff,"In 2001, what Opening Day lineup had Chad Kreuter at C, Chris Donnels at 3B, Alex Cora at SS, and Tom Goodwin at CF?",Los Angeles Dodgers,,,,,
2026-09-27,Left Field,Medium,ff,"What MLB slugger holds the single-season record for the most strikeouts, setting the mark with 223 Ks during the 2009 season?",Mark Reynolds,,,,,
2026-09-27,Center Field,Easy,ff,"What catcher, who ranks in the top 30 all-time in games played at the position, played his entire 17-year MLB career (1995-2011) with the New York Yankees?",Jorge Posada,,,,,
2026-09-27,Right Field,Medium,mc,"What Twins outfielder, who spent his entire career in Minnesota, won the 1964 AL Rookie of the Year and 3 AL batting titles, becoming the first player in MLB history to win batting crowns in each of his first two full seasons?",Tony Oliva,Bernie Allen,Harmon Killebrew,Tony Oliva,Jimmie Hall,
2026-09-27,Tiebreaker,Tiebreaker,mc,"What franchise stunned baseball, winning the 1969 World Series championship?",New York Mets,Chicago Cubs,New York Mets,Baltimore Orioles,Atlanta Braves,
2026-09-29,Pitcher,Easy,ff,"What 11 time gold glove winner, who played 24-years in the MLB, ranks first in fielding percentage at shortstop?",Omar Vizquel,,,,,
2026-09-29,Catcher,Nightmare,ff,"Despite playing over 7,500 inning at shortstop, and ranking in the top 5 all-time at the position in fielding percentage, what player never won a gold glove?",Freddy Galvis,,,,,
2026-09-29,1st Base,Medium,ff,What phenom pitcher beat out Yasiel Puig for NL Rookie of the Year in 2013?,Jose Fernandez,,,,,
2026-09-29,2nd Base,Hard,ff,"Career Path: Pittsburgh Pirates (2011-2018), Detroit Tigers (2019), Washington Nationals (2020-2021), Oakland Athletics (2021), Chicago White Sox (2022), Philadelphia Phillies (2023)",Josh Harrison,,,,,
2026-09-29,Shortstop,Easy,ff,"From 1999 to 2014, what player manned first base for the Chicago White Sox?",Paul Konerko,,,,,
2026-09-29,3rd Base,Easy,ff,"In 2020, what franchise did the Los Angeles Dodgers defeat to win the World Series in 6 games?",Tampa Bay Rays,,,,,
2026-09-29,Left Field,Hard,ff,"In 2020, what Opening Day lineup had Tyler Heineman at C, Mauricio Dubon at 2B, Alex Dickerson at LF, and Joe McCarthy at RF?",San Francisco Giants,,,,,
2026-09-29,Center Field,Medium,mc,"What Reds outfielder homered off Dave Stewart in his very first at-bat of the 1990 World Series, helping Cincinnati sweep the heavily-favored Athletics, and became the first Red ever to join the 30-30 club in 1987?",Eric Davis,Eric Davis,Paul O'Neill,Billy Hatcher,Glenn Braggs,
2026-09-29,Right Field,Medium,ff,"In 2025, who led the Toronto Blue Jays with 32 home runs?",George Springer,,,,,
2026-09-29,Tiebreaker,Tiebreaker,mc,"Who hit the 'Shot Heard 'Round the World,' a pennant-winning walk-off home run for the New York Giants in 1951?",Bobby Thomson,Bobby Thomson,Willie Mays,Monte Irvin,Whitey Lockman,
2026-10-02,Pitcher,Medium,ff,Who is the only player in San Diego Padres franchise history to hit 50 home runs in a season?,Greg Vaughn,,,,,
2026-10-02,Catcher,Easy,ff,What franchise lost back-to-back World Series in 2010 and 2011?,Texas Rangers,,,,,
2026-10-02,1st Base,Hard,ff,"Career Path: Cleveland Indians (1997-2000), Milwaukee Brewers (2000-2003), Arizona Diamondbacks (2004), Seattle Mariners (2005-2008), New York Yankees (2009)",Richie Sexson,,,,,
2026-10-02,2nd Base,Medium,ff,What reliever returned to the mound for the Atlanta Braves in 2018 after missing five seasons due to his second and third Tommy John surgeries?,Jonny Venters,,,,,
2026-10-02,Shortstop,Nightmare,ff,"Steve Trachsel, in his 16-year MLB career, only was the opening day starter twice. The first, in 1999 with the Chicago Cubs. The second, in 2000 with what franchise?",Tampa Bay Devil Rays,,,,,
2026-10-02,3rd Base,Easy,mc,"What Phillies pitcher, who has spent his entire career in Philadelphia since 2015, finished 3rd in NL Cy Young voting in 2018 and 4th in 2022?",Aaron Nola,Zack Wheeler,Aaron Nola,Ranger Suarez,Cristopher Sanchez,
2026-10-02,Left Field,Medium,ff,"In 2025, what Opening Day lineup had Matt Mervis at 1B, Graham Pauley at 3B, Alex Dickerson at LF, and Joe McCarthy at RF?",Miami Marlins,,,,,
2026-10-02,Center Field,Hard,ff,"Kevin Youkilis played for three franchises across his 10-year career: starting with Boston Red Sox, and ending with New York Yankees. What team did he play for in between, following a mid-2012 trade from Boston?",Chicago White Sox,,,,,
2026-10-02,Right Field,Easy,ff,"In 2026, the New York Mets traded prospects Brandon Sproat and Jett Williams to the Milwaukee Brewers for what pitcher?",Freddy Peralta,,,,,
2026-10-02,Tiebreaker,Tiebreaker,mc,Which Dodgers pitcher gave up the famous 'Shot Heard 'Round the World' home run in 1951?,Ralph Branca,Ralph Branca,Don Newcombe,Carl Erskine,Preacher Roe,
2026-10-04,Pitcher,Nightmare,ff,"Only three players in MLB history have recorded at least 10 triples with four different franchises. George Davis, Tommy Leach and what modern era player?",Juan Pierre,,,,,
2026-10-04,Catcher,Medium,ff,"In 2025, what Opening Day lineup had Michael Toglia at 1B, Kyle Farmer at 2B, Jordan Beck at LF, and Nick Martini at RF?",Colorado Rockies,,,,,
2026-10-04,1st Base,Easy,ff,The Miami Marlins have had only one MVP in franchise history. Who won the NL MVP in 2017?,Giancarlo Stanton,,,,,
2026-10-04,2nd Base,Hard,ff,"Career Path: Atlanta Braves (1996), Kansas City Royals (1997-2001), Oakland Athletics (2001-2004), Chicago White Sox (2005-2009)",Jermaine Dye,,,,,
2026-10-04,Shortstop,Easy,ff,What franchise in 2017 defeated the Los Angeles Dodgers in a 7-game World Series - which later resulted in controversy due to a sign stealing controversy?,Houston Astros,,,,,
2026-10-04,3rd Base,Easy,ff,"In 2026, what Kansas City Royals star hit his 318th career home run against the Detroit Tigers to break George Brett’s record for the most home runs in franchise history?",Salvador Perez,,,,,
2026-10-04,Left Field,Medium,mc,"What pitcher, who pitched 14 years with the Phillies, won 286 career games, made 7 All-Star teams, and led the ""Whiz Kids"" to the 1950 NL pennant during a stretch of six straight 20-win seasons?",Robin Roberts,Steve Carlton,Robin Roberts,Chris Short,Curt Simmons,
2026-10-04,Center Field,Medium,ff,"Since 2020, what Baltimore Orioles pitcher leads the franchise in wins?",Dean Kremer,,,,,
2026-10-04,Right Field,Hard,ff,"Clayton Kershaw has thrown to dozens of catchers, but which longtime teammate caught the most games for him?",A.J. Ellis,,,,,
2026-10-04,Tiebreaker,Tiebreaker,mc,What franchise won a record five consecutive World Series titles from 1949 to 1953?,New York Yankees,New York Yankees,St. Louis Cardinals,Brooklyn Dodgers,Boston Red Sox,
2026-10-06,Pitcher,Easy,ff,The Colorado Rockies have had only one MVP in franchise history. Who won the NL MVP in 1997?,Larry Walker,,,,,
2026-10-06,Catcher,Hard,ff,"The last St. Louis Cardinal to have a 20-20 (20 home run, 20 steal) season was back in 2017? Who was it?",Tommy Pham,,,,,
2026-10-06,1st Base,Medium,mc,What Phillies closer gave up Joe Carter's championship-winning walk-off home run in Game 6 of the 1993 World Series?,Mitch Williams,Doug Jones,Mitch Williams,Heathcliff Slocomb,Rocky Bottalico,
2026-10-06,2nd Base,Easy,ff,Three franchise have never had an MVP. Name one of them.,New York Mets|Arizona Diamondbacks|Tampa Bay Rays,,,,,
2026-10-06,Shortstop,Medium,ff,"In 2022, what Opening Day lineup had James McCann at C, Eduardo Escobar at 3B, Mark Canha at LF, and J.D. Davis at DH?",New York Mets,,,,,
2026-10-06,3rd Base,Hard,ff,"Career Path: Baltimore Orioles (2002-2007), Seattle Mariners (2007-2011), Boston Red Sox (2011), Pittsburgh Pirates (2012), Houston Astros (2013), Tampa Bay Rays (2014)",Erik Bedard,,,,,
2026-10-06,Left Field,Easy,ff,"Who is the last franchise to win three consecutive World Series, doing so in 1998,1999 and 2000?",New York Yankees,,,,,
2026-10-06,Center Field,Nightmare,ff,"What 13-year MLB veteran, who pitched for nine different franchises over his career, made the first Opening Day start of his career in 2020 with the Baltimore Orioles?",Tommy Milone,,,,,
2026-10-06,Right Field,Medium,ff,"In 2018, Kyle Freeland finished 4th in NL Cy Young voting, the closest any Rockies pitcher had come since 2010. What Colorado pitcher finished 3rd in the voting that year?",Ubaldo Jimenez,,,,,
2026-10-06,Tiebreaker,Tiebreaker,mc,"Immortalized in the movie 'Field of Dreams,' what player appeared in one MLB game for the New York Giants in 1905 but never got a single at-bat?",Moonlight Graham,Moonlight Graham,Eddie Gaedel,Fred Merkle,Larry Doyle,
2026-10-09,Pitcher,Hard,ff,"In 1998, what Opening Day lineup had Matt Walbeck at C, Norberto Martin at 2B, Dave Hollins at 3B, and Cecil Fielder at DH?",Anaheim Angels,,,,,
2026-10-09,Catcher,Easy,ff,The Kansas City Royals have had only one MVP in franchise history. Who won the NL MVP in 1980?,George Brett,,,,,
2026-10-09,1st Base,Medium,ff,The Athletics have not had a closer record 30 saves in a season since 2018. What closer locked down 38 saves in 2018 for the Oakland Athletics?,Blake Treinen,,,,,
2026-10-09,2nd Base,Nightmare,ff,"In 2012, what Atlanta Braves reliever was transitioned back to a starter in the second half of the season, going 9-0 with a 0.97 ERA in 83.2 innings?",Kris Medlen,,,,,
2026-10-09,Shortstop,Hard,ff,"In 2022, what Opening Day lineup had Roberto Perez at C, Yoshi Tsutsugo at 1B, Hoy Park at 2B, and Ben Gamel at LF?",Pittsburgh Pirates,,,,,
2026-10-09,3rd Base,Medium,mc,What Blue Jays catcher won 1992 World Series MVP after hitting .450 in the series as Toronto became the first team based outside the U.S. to win a championship?,Pat Borders,Greg Myers,Pat Borders,Sandy Martinez,Randy Knorr,
2026-10-09,Left Field,Easy,ff,"After 16-years with the Braves, what future hall-of-famer signed with the New York Mets in 2013 - notably winning his 300th game while in a Mets uniform?",Tom Glavine,,,,,
2026-10-09,Center Field,Easy,ff,"Which pitcher won his 10th game on July 24, 2026, becoming the first Colorado Rockies player to reach double-digit wins in a single season since 2021?",Tomoyuki Sugano,,,,,
2026-10-09,Right Field,Medium,ff,"Career Path: Los Angeles Dodgers (1992-1993), Montreal Expos (1994-1997), Boston Red Sox (1998-2004), New York Mets (2005-2008), Philadelphia Phillies (2009)",Pedro Martinez,,,,,
2026-10-09,Tiebreaker,Tiebreaker,mc,"Who hit the iconic home run for the Yankees in the 1978 AL East tiebreaker game against the Red Sox, forever remembered in Boston with an unprintable nickname?",Bucky Dent,Bucky Dent,Reggie Jackson,Chris Chambliss,Graig Nettles,
2026-10-11,Pitcher,Easy,ff,"What Rays third baseman, selected 3rd overall in the 2006 draft and set to have his number retired by the team this July, is Tampa Bay's all-time leader in both career home runs (261) and RBI (892)?",Evan Longoria,,,,,
2026-10-11,Catcher,Hard,ff,"In 2010, what pitcher threw a regular-season perfect game and a postseason no-hitter in the same year, becoming the only pitcher in MLB history to accomplish both feats in a single season?",Roy Halladay,,,,,
2026-10-11,1st Base,Easy,ff,"What Padres pitcher is the franchise's all-time strikeout leader with 1,348, recorded across his eight seasons in San Diego from 2002-2009?",Jake Peavy,,,,,
2026-10-11,2nd Base,Medium,ff,"What Hall of Fame catcher's two-out, 10th-inning single in Game 6 of the 1986 World Series ignited the three-run rally that kept the Mets alive against the Red Sox?",Gary Carter,,,,,
2026-10-11,Shortstop,Hard,ff,"Career Path: Florida Marlins (1996-1999), San Francisco Giants (1999-2002), Montreal Expos/Washington Nationals (2003-2006, 2009-2011), Arizona Diamondbacks (2006-2007), Minnesota Twins (2008), Colorado Rockies (2008), New York Mets (2009), Atlanta Braves (2012), Milwaukee Brewers (2012).",Livan Hernandez,,,,,
2026-10-11,3rd Base,Medium,ff,"In 1978, what Red Sox outfielder won the AL MVP after becoming the only player in MLB history to lead the major leagues in triples, home runs, and RBI in the same season?",Jim Rice,,,,,
2026-10-11,Left Field,Easy,ff,"What Angels outfielder, who spent 15 of his 17 MLB seasons in Anaheim, is the franchise's all-time leader in career RBI with 1,292?",Garret Anderson,,,,,
2026-10-11,Center Field,Medium,mc,"Facing elimination down 3-1 in the 1985 World Series, what Royals pitcher threw a complete-game shutout in Game 5 to keep Kansas City's season alive, setting up their eventual comeback title?",Danny Jackson,Bret Saberhagen,Danny Jackson,Mark Gubicza,Charlie Leibrandt,
2026-10-11,Right Field,Nightmare,ff,"There have three players, all of which are pitchers, to have played for five franchises in the same year. The first of which happened in 2018. Name one of the players.",Oliver Drake|Mike Baumann|Jose Urena,,,,,
2026-10-11,Tiebreaker,Tiebreaker,mc,"In Game 6 of the 1986 World Series, who hit the ground ball that rolled through Bill Buckner's legs, allowing the Mets to stay alive?",Mookie Wilson,Mookie Wilson,Ray Knight,Gary Carter,Lenny Dykstra,
2026-10-13,Pitcher,Medium,ff,"In 1971, what 21-year-old Athletics pitcher won both the AL Cy Young and MVP awards, going 24-8 with a 1.82 ERA and 301 strikeouts?",Vida Blue,,,,,
2026-10-13,Catcher,Easy,ff,"In 2024, in his first start back from a 15-month layoff following Tommy John surgery, what Rockies pitcher struck out Pete Alonso to claim the franchise's all-time career strikeout record?",German Marquez,,,,,
2026-10-13,1st Base,Hard,ff,"In 1991, what Expos pitcher became the first player born outside the United States to throw a perfect game, blanking the Dodgers 2-0?",Dennis Martinez,,,,,
2026-10-13,2nd Base,Easy,ff,"What Reds first baseman, who spent his entire 17-year career in Cincinnati, is the franchise's all-time leader in career walks, and tied Pete Rose's franchise record by reaching base safely in 48 consecutive games during his 2015 season?",Joey Votto,,,,,
2026-10-13,Shortstop,Medium,ff,"In 2009, what White Sox pitcher threw a perfect game against the Rays, preserved by a spectacular ninth-inning catch from center fielder DeWayne Wise?",Mark Buehrle,,,,,
2026-10-13,3rd Base,Nightmare,ff,"Career Path: New York Mets (1999), Houston Astros (2000-2004), Oakland Athletics (2004-2005), New York Yankees (2006), Kansas City Royals (2007), Atlanta Braves (2007), Chicago White Sox (2008-2009), Pittsburgh Pirates (2010), Los Angeles Dodgers (2010), Colorado Rockies (2010), Toronto Blue Jays (2011), St. Louis Cardinals (2011), Detroit Tigers (2012-2013).",Octavio Dotel,,,,,
2026-10-13,Left Field,Hard,ff,"What Rangers pitcher threw a perfect game against the Angels in 1994, becoming the first AL left-hander ever to do so?",Kenny Rogers,,,,,
2026-10-13,Center Field,Easy,mc,What player set the Baltimore Orioles' single-season home run record with 53 in 2013?,Chris Davis,Adam Jones,Mark Reynolds,Chris Davis,Nelson Cruz,
2026-10-13,Right Field,Medium,ff,"In 1992, the crosstown Chicago White Sox traded a young Sammy Sosa to the Cubs. Which veteran, a 1987 AL MVP, did the White Sox receive in return?",George Bell,,,,,
2026-10-13,Tiebreaker,Tiebreaker,mc,Who made the famous catch that robbed Joe DiMaggio of a home run in Game 6 of the 1947 World Series?,Al Gionfriddo,Al Gionfriddo,Pete Reiser,Duke Snider,Carl Furillo,
2026-10-16,Pitcher,Hard,ff,"What Hall of Fame reliever, who pioneered the split-finger fastball, won the 1979 NL Cy Young with the Cubs and recorded the final out of the 1982 World Series for the Cardinals?",Bruce Sutter,,,,,
2026-10-16,Catcher,Medium,ff,"Along with second baseman Lou Whitaker, what Tigers shortstop formed the longest-running double-play combination in MLB history (19 seasons), and was named World Series MVP in 1984?",Alan Trammell,,,,,
2026-10-16,1st Base,Nightmare,ff,What slugger hit 160 home runs between 2015 and 2018 while batting exactly .247 in every single one of those four seasons?,Khris Davis,,,,,
2026-10-16,2nd Base,Easy,ff,"In 2024, what Cardinals closer led all of MLB with 49 saves, breaking the franchise's single-season record of 48 set by Trevor Rosenthal in 2015, and winning NL Reliever of the Year?",Ryan Helsley,,,,,
2026-10-16,Shortstop,Easy,ff,"In 2024, what Cardinals pitcher set the franchise's single-season strikeouts-per-9-innings record with a 10.98 mark, posting 203 strikeouts in 166.1 innings?",Sonny Gray,,,,,
2026-10-16,3rd Base,Hard,ff,"Career Path: Pittsburgh Pirates (1997-1999), Tampa Bay Devil Rays (1999-2001), Arizona Diamondbacks (2002), Cincinnati Reds (2002-2003), Oakland Athletics (2003), Anaheim Angels (2004), Washington Nationals (2005-2006), Seattle Mariners (2007), Kansas City Royals (2008-2010), San Francisco Giants (2010).",Jose Guillen,,,,,
2026-10-16,Left Field,Medium,ff,"In the 2017 trade that sent Justin Verlander to the Astros, the Tigers received three prospects. Which catcher from that package is still with the organization?",Jake Rogers,,,,,
2026-10-16,Center Field,Easy,ff,"In 2024, what Mariners pitcher posted a 0.887 WHIP, setting the franchise's single-season record and topping Felix Hernandez's 0.915 mark from 2014?",Logan Gilbert,,,,,
2026-10-16,Right Field,Medium,mc,"What Nationals reliever, acquired in a July 2019 trade deadline deal with the Blue Jays, struck out Michael Brantley to record the final out of Game 7 and clinch the franchise's first World Series title?",Daniel Hudson,Sean Doolittle,Daniel Hudson,Patrick Corbin,Tanner Rainey,
2026-10-16,Tiebreaker,Tiebreaker,mc,"What team threw the first no-hitter of the 2026 MLB season, a combined effort against the Rangers in May that ended a nearly two-year league-wide drought?",Houston Astros,Houston Astros,Texas Rangers,Seattle Mariners,Chicago Cubs,
2026-10-18,Pitcher,Easy,ff,"In 2024, what Royals pitcher struck out 223 batters in just 186.1 innings, setting the franchise's all-time single-season strikeouts-per-9-innings record at 10.77?",Cole Ragans,,,,,
2026-10-18,Catcher,Nightmare,ff,"In 1997, the Athletics traded Mark McGwire to the Cardinals at the deadline. Which reliever, part of the three-pitcher return package, went on to pitch 210 games for Oakland over five seasons?",T.J. Mathews,,,,,
2026-10-18,1st Base,Medium,ff,"What shortstop, who spent his entire 19-year career with the Reds and won 5 Gold Gloves during the ""Big Red Machine"" era, is the franchise's all-time leader in games played at the position?",Dave Concepcion,,,,,
2026-10-18,2nd Base,Hard,ff,"Career Path: Detroit Tigers (1999-2002), New York Yankees (2002-2003), Los Angeles Dodgers (2004-2005, 2009-2010), Los Angeles Angels (2006), St. Louis Cardinals (2006), Seattle Mariners (2007)",Jeff Weaver,,,,,
2026-10-18,Shortstop,Easy,ff,"In his first season with the Yankees in 2025, what pitcher went 19-5 with a 2.86 ERA, the most wins by a Yankee since Luis Severino in 2018?",Max Fried,,,,,
2026-10-18,3rd Base,Easy,ff,"In his first season with the Royals in 2025, what closer led all of MLB with 42 saves, 11 more than his previous career high set with the Angels in 2023?",Carlos Estevez,,,,,
2026-10-18,Left Field,Hard,ff,"In 2004, what Opening Day lineup had Brent Mayne at C, Richie Sexson at 1B, Roberto Alomar at 2B, Scott Hairston at 2B, and Danny Bautista in RF?",Arizona Diamondbacks,,,,,
2026-10-18,Center Field,Medium,mc,"What Royals reliever threw 5 shutout innings across the 2015 World Series without allowing a single run, a stellar stretch that had some arguing he deserved series MVP consideration?",Luke Hochevar,Wade Davis,Kelvin Herrera,Luke Hochevar,Ryan Madson,
2026-10-18,Right Field,Medium,ff,"Who is the youngest player to hit a home run in World Series history, doing so at just 19 years old for the Atlanta Braves?",Andruw Jones,,,,,
2026-10-18,Tiebreaker,Tiebreaker,mc,"Who won the 2026 MLB Home Run Derby in Philadelphia, becoming the first player in his franchise's history to do so?",Jordan Walker,Kyle Schwarber,Jordan Walker,Bryce Harper,Junior Caminero,
2026-10-20,Pitcher,Medium,ff,No pitcher has ever won 100 games with the Marlins. Who holds their franchise record with 81 wins?,Ricky Nolasco,,,,,
2026-10-20,Catcher,Easy,ff,"In 2025, what infielder led all of MLB with 49 stolen bases, splitting the season between the Rays and Yankees after a Trade Deadline deal?",Jose Caballero,,,,,
2026-10-20,1st Base,Hard,ff,"Career Path: Toronto Blue Jays (1993-1998), San Diego Padres (1999-2001), St. Louis Cardinals (2001-2004), San Diego Padres (2005-2006), Houston Astros (2007).",Woody Williams,,,,,
2026-10-20,2nd Base,Medium,ff,"In 2012, the Mets traded reigning NL Cy Young winner R.A. Dickey to the Blue Jays in a seven-player deal. Which pitching prospect, part of the return package, went on to become a Mets All-Star?",Noah Syndergaard,,,,,
2026-10-20,Shortstop,Nightmare,ff,"What outfielder is one of only two players in MLB history (along with Willie Mays) to record at least 300 home runs, 425 doubles, 100 triples, and 300 stolen bases in a career?",Steve Finley,,,,,
2026-10-20,3rd Base,Easy,mc,"What outfielder hit a career-high 34 home runs for the Reds in 2021, earning his first career All-Star selection before signing a 5-year, $100 million deal with the Phillies that offseason?",Nick Castellanos,Jonathan India,Jesse Winker,Nick Castellanos,Tyler Naquin,
2026-10-20,Left Field,Medium,ff,"What Athletics first baseman hit 58 home runs in 1932, a single-season record for right-handed hitters that stood for 66 years until Mark McGwire broke it in 1998?",Jimmie Foxx,,,,,
2026-10-20,Center Field,Hard,ff,"In the 2021 trade that sent Nolan Arenado to the Cardinals, the Rockies' return centered on which left-handed pitcher, who became a regular in Colorado's rotation?",Austin Gomber,,,,,
2026-10-20,Right Field,Easy,ff,"Which former two-time All-Star holds the Baltimore Orioles franchise record for the most career games played at second base, appearing in 1,252 games at the position between 2001 and 2013?",Brian Roberts,,,,,
2026-10-20,Tiebreaker,Tiebreaker,mc,Who was named MVP of the 2026 MLB All-Star Game after driving in the American League's first two runs?,Cody Bellinger,Cody Bellinger,Aaron Judge,Ben Rice,Julio Rodriguez,
2026-10-23,Pitcher,Nightmare,ff,"What Phillies outfielder is the only player in franchise history to win a Triple Crown, doing so in 1933 (.368, 28 HR, 120 RBI) the same year Philadelphia's other team, the Athletics, also produced a Triple Crown winner?",Chuck Klein,,,,,
2026-10-23,Catcher,Medium,ff,"What Hall of Fame pitcher, notorious for his alleged spitball, remains the only pitcher in MLB history to win the Cy Young Award in both the American League (1972) and National League (1978)?",Gaylord Perry,,,,,
2026-10-23,1st Base,Easy,ff,"In 2023, what Braves pitcher struck out 281 batters, setting the franchise's single-season strikeout record and breaking John Smoltz's 27-year-old mark of 276?",Spencer Strider,,,,,
2026-10-23,2nd Base,Hard,ff,"Career Path: Texas Rangers (1993-1998, 2010-2011), St. Louis Cardinals (1998-1999), Texas Rangers (2000-2001), Boston Red Sox (2002), Colorado Rockies (2003), Florida Marlins (2004), Houston Astros (2004), New York Mets (2006), Los Angeles Angels (2007-2009), Toronto Blue Jays (2012-2013).",Darren Oliver,,,,,
2026-10-23,Shortstop,Easy,ff,"In 2025, what Giants ace surpassed 200 strikeouts for the first time in his seven-year career, finishing with 224 to lead the National League?",Logan Webb,,,,,
2026-10-23,3rd Base,Easy,ff,"Only seven players in MLB history have amassed both 3,000 career hits and 500 career home runs. Name one of them.",Hank Aaron|Willie Mays|Eddie Murray|Rafael Palmeiro|Albert Pujols|Alex Rodriguez|Miguel Cabrera,,,,,
2026-10-23,Left Field,Medium,mc,"Before the National League permanently adopted the universal designated hitter, what left-hander took home the final pitcher's Silver Slugger Award in 2021 by batting .273 with 5 RBIs?",Max Fried,Julio Urias,Max Fried,Clayton Kershaw,Wade Miley,
2026-10-23,Center Field,Medium,ff,"What Cubs first baseman recorded 1,754 hits in the 1990s, the most of any player in the MLB during that decade - more than every other player who topped a decade in hits except Pete Rose?",Mark Grace,,,,,
2026-10-23,Right Field,Hard,ff,"In 2009, the Blue Jays traded ace Roy Halladay to the Phillies. Which pitching prospect, the headline name in the Blue Jays return package, was later waived in 2015 after a 5+ ERA over three seasons?",Kyle Drabek,,,,,
2026-10-23,Tiebreaker,Tiebreaker,mc,"Who's playing career ended in January 1958 after a car accident left him paralyzed, just months before his team's first season in Los Angeles?",Roy Campanella,Gil Hodges,Roy Campanella,Duke Snider,Don Newcombe,
2026-10-25,Pitcher,Easy,ff,"In 2021, what Blue Jays second baseman hit 45 home runs, setting the all-time single-season record for the position and breaking Davey Johnson's 48-year-old mark of 43?",Marcus Semien,,,,,
2026-10-25,Catcher,Hard,ff,"What Cubs Hall of Fame catcher remains the franchise's all-time leader among catchers in games, at-bats, runs, hits, doubles, triples, home runs, RBI, batting average, on-base percentage, and slugging percentage?",Gabby Hartnett,,,,,
2026-10-25,1st Base,Medium,mc,"In 1979, what Angels player set career highs with 36 home runs and 139 RBI, winning the AL MVP award (the first in franchise history)?",Don Baylor,Joe Rudi,Don Baylor,Bobby Grich,Bobby Bonds,
2026-10-25,2nd Base,Easy,ff,"What Orioles Hall of Famer, who spent his entire 23-year career in Baltimore, holds the all-time MLB record for career games played at third base, with 2,870?",Brooks Robinson,,,,,
2026-10-25,Shortstop,Medium,ff,"In 2008, what Opening Day lineup had Javier Valentin at C, Scott Hatteberg at 1B, Jeff Keppinger at SS, and Corey Patterson in CF?",Cincinnati Reds,,,,,
2026-10-25,3rd Base,Hard,ff,"What left-hander, who spent his entire 15-year career with one team, is the Kansas City Royals' all-time leader in career wins with 166?",Paul Splittorff,,,,,
2026-10-25,Left Field,Easy,ff,"In 2025, what Padres closer, taking over the role after Josh Hader's departure in free agency, saved 40 games in 45 tries with a 2.97 ERA to lead the National League?",Robert Suarez,,,,,
2026-10-25,Center Field,Nightmare,ff,"What Tampa Bay Devil Ray in 2005, became the first player in franchise history to record 110+ RBI's? ",Jorge Cantu,,,,,
2026-10-25,Right Field,Medium,ff,"From 1973 to 1981, the Dodgers fielded the same starting infield for a record 833 games: Steve Garvey, Davey Lopes, Ron Cey, and this shortstop, still the longest-running infield in MLB history. Who was the shortstop?",Bill Russell,,,,,
2026-10-25,Tiebreaker,Tiebreaker,mc,"Who pitched Game 6 of the 2004 ALCS with a surgically repaired ankle tendon, creating the iconic 'Bloody Sock Game' image?",Curt Schilling,Pedro Martinez,Derek Lowe,Curt Schilling,Tim Wakefield,
2026-10-27,Pitcher,Hard,ff,"In 2009, what Opening Day lineup had Nomar Garciaparra at 1B, Orlando Cabrera at SS, Matt Holliday in LF, and Jack Cust at DH?",Oakland Athletics,,,,,
2026-10-27,Catcher,Easy,ff,"What outfielder, father of the all-time home run king, and his son are the only father-son duo in MLB history to each hit 300+ career home runs, and remain the only two players ever to combine 300+ homers with 400+ stolen bases?",Bobby Bonds,,,,,
2026-10-27,1st Base,Medium,ff,"In 2014, the Athletics traded Josh Donaldson to the Blue Jays in a four-player deal. Which Canadian-born third baseman was the headlining piece the A's got in return?",Brett Lawrie,,,,,
2026-10-27,2nd Base,Nightmare,ff,"What Pirates Hall of Fame outfielder, known for his strategic base-stealing during the dead-ball era, stole 688 bases in a Pittsburgh uniform, still the franchise's all-time record?",Max Carey,,,,,
2026-10-27,Shortstop,Hard,ff,"What Cubs third baseman is the only player in MLB history at the position to record eight consecutive seasons with 90 or more RBI (1963-1970), all while secretly battling diabetes throughout his career?",Ron Santo,,,,,
2026-10-27,3rd Base,Medium,mc,"In 2005, this Marlins left-hander won a franchise-record 22 games, still the only 20-game winner in team history.",Dontrelle Willis,Josh Beckett,Kevin Brown,Dontrelle Willis,Carl Pavano,
2026-10-27,Left Field,Easy,ff,"In 2002, what team won 20 consecutive games, a stretch immortalized in the book and movie ""Moneyball""?",Oakland Athletics,,,,,
2026-10-27,Center Field,Easy,ff,"In 2026, what White Sox rookie first baseman, a former NPB Triple Crown winner from Japan, became the first rookie in MLB history to hit 20 home runs before June?",Munetaka Murakami,,,,,
2026-10-27,Right Field,Medium,ff,"What former World Series MVP holds the Angels franchise record for the most home runs hit while playing third base, launching 164 of his 182 team homers at the hot corner between 1998 and 2004?",Troy Glaus,,,,,
2026-10-27,Tiebreaker,Tiebreaker,mc,Whose stolen base in the 9th inning of Game 4 sparked the Red Sox's historic comeback from a 3-0 deficit in the 2004 ALCS?,Dave Roberts,Dave Roberts,Johnny Damon,Kevin Millar,Bill Mueller,
2026-10-30,Pitcher,Easy,ff,"What Philadelphia Phillies pitcher put together an incredible scoreless streak of 50.2 innings, ultimately snapping a 115-year-old franchise record originally set by Hall of Famer Grover Cleveland Alexander?",Cristopher Sanchez,,,,,
2026-10-30,Catcher,Hard,ff,"What Red Sox Hall of Fame second baseman, who spent his entire 14-year career in Boston, is the only player in franchise history to hit for the cycle twice?",Bobby Doerr,,,,,
2026-10-30,1st Base,Easy,ff,"Who is the San Diego Padres all-time leader with 1,138 RBI's - the only Padre to eclipse 1,000?",Tony Gwynn,,,,,
2026-10-30,2nd Base,Medium,ff,"In 2007, what Opening Day lineup had Jason Kendall at C, Bobby Crosby at SS, Milton Bradley in CF, and Mike Piazza at DH?",Oakland Athletics,,,,,
2026-10-30,Shortstop,Hard,ff,"What left-handed pitcher, who spent 15 seasons with the Twins across two stints, is the franchise's all-time leader in career wins with 190?",Jim Kaat,,,,,
2026-10-30,3rd Base,Medium,ff,What Guardians reliever closed out 149 games during his six seasons in Cleveland (2012-2018)?,Cody Allen,,,,,
2026-10-30,Left Field,Easy,ff,"Career Path: Cincinnati Reds (2005-2009), Toronto Blue Jays (2009-2016), Cleveland Indians (2017-2018), Seattle Mariners (2019), New York Yankees (2019), Chicago White Sox (2020)",Edwin Encarnacion,,,,,
2026-10-30,Center Field,Medium,mc,"What Angels slugger hit .347 with 9 home runs in his postseason career with the team, took home the 2002 World Series MVP trophy, and still holds the franchise record for the most home runs in a single regular season with 47?",Troy Glaus,Tim Salmon,Troy Glaus,Garret Anderson,Vladimir Guerrero,
2026-10-30,Right Field,Nightmare,ff,"In the 2008 three-team trade that sent Manny Ramirez to the Dodgers and Jason Bay to the Red Sox, which Dodgers infield prospect was sent to the Pirates as part of the return?",Andy LaRoche,,,,,
2026-10-30,Tiebreaker,Tiebreaker,mc,Who hit a walk-off home run in the 11th inning of Game 7 to send the Yankees to the 2003 World Series over the Red Sox?,Aaron Boone,Derek Jeter,Aaron Boone,Bernie Williams,Jorge Posada,
2026-11-01,Pitcher,Medium,ff,"What knuckleballer, who didn't join the Rangers until age 32, is the franchise's all-time leader in both career wins (139) and strikeouts (1,452), with no active pitcher within reach of either mark?",Charlie Hough,,,,,
2026-11-01,Catcher,Easy,ff,"Released by Oakland after hitting just .195 in 96 total games, what infielder signed with the Dodgers in 2017, blossomed into a mainstay for nearly a decade, and has racked up over 230 homers, three All-Star appearances, and three World Series rings?",Max Muncy,,,,,
2026-11-01,1st Base,Hard,ff,"In 2007, what Opening Day lineup had Gerald Laird at C, Brad Wilkerson in LF, Sammy Sosa in RF, and Frank Catalanotto at DH?",Texas Rangers,,,,,
2026-11-01,2nd Base,Easy,ff,"What utility player, dealt by the Mariners for pitching prospect Zach Lee in a trade their own GM later called ""the worst deal I've ever made,"" broke out with the Dodgers in 2017 (.288, 21 HR) and was named co-NLCS MVP that same postseason?",Chris Taylor,,,,,
2026-11-01,Shortstop,Medium,ff,"In 2024, the Brewers traded 2021 NL Cy Young winner Corbin Burnes to the Orioles. Which infielder, the centerpiece of the return package, was in line to take over at shortstop in Milwaukee?",Joey Ortiz,,,,,
2026-11-01,3rd Base,Nightmare,ff,What 324-game winner is the only pitcher in the 300-win club to have just a single 20-win season in his entire career?,Don Sutton,,,,,
2026-11-01,Left Field,Hard,ff,"What Blue Jays outfielder, who played 10 seasons in Toronto during the 1980s, is the franchise's all-time leader in stolen bases with 255, well ahead of runner-up Roberto Alomar?",Lloyd Moseby,,,,,
2026-11-01,Center Field,Easy,mc,"What Royals first baseman's first two career home runs both came off the same pitcher, Michael Pineda, in back-to-back series during his 2022 rookie season?",Vinnie Pasquantino,Ryan McBroom,Ryan O'Hearn,Vinnie Pasquantino,Nick Pratto,
2026-11-01,Right Field,Medium,ff,"What Hall of Fame second baseman was so popular in Cleveland that the team renamed itself in his honor for over a decade, making him the last player in MLB history to have a franchise directly named after him?",Nap Lajoie,,,,,
2026-11-01,Tiebreaker,Tiebreaker,mc,"Who scored from first base on a single in the 8th inning of Game 7 of the 1946 World Series, a play still remembered as 'The Mad Dash'?",Enos Slaughter,Stan Musial,Enos Slaughter,Red Schoendienst,Whitey Kurowski,
2026-11-03,Pitcher,Hard,ff,"In 2007, what Opening Day lineup had Tadahito Iguchi at 2B, Juan Uribe at SS, Pablo Ozuna in LF, and Darin Erstad in CF?",Chicago White Sox,,,,,
2026-11-03,Catcher,Medium,ff,"In 2023, the Rays traded Tyler Glasnow (and Manuel Margot) to the Dodgers, who signed Glasnow to a 5-year extension the next day. Which young pitcher, coming off a 2.14 ERA season, was the headline piece Tampa Bay got in return?",Ryan Pepiot,,,,,
2026-11-03,1st Base,Nightmare,ff,"On June 15, 2022, what Astros reliever combined with starter Luis Garcia to make Houston the first team in MLB history to throw two immaculate innings in the same game, both against the same three Rangers hitters?",Phil Maton,,,,,
2026-11-03,2nd Base,Easy,ff,"What team's longest winning streak in franchise history is 15 games, set in June 1991 during a season that ended with a seven-game World Series win over the Braves in which the home team won every single game?",Minnesota Twins,,,,,
2026-11-03,Shortstop,Easy,ff,"After seven seasons as mostly a bullpen arm with the Mets, what pitcher left in free agency to finally get a chance to start, had a solid first year with the Padres, then signed with the Royals and broke out in 2024 with an All-Star nod, a Gold Glove, and a runner-up finish for AL Cy Young?",Seth Lugo,,,,,
2026-11-03,3rd Base,Hard,ff,"What ironically-nicknamed Athletics third baseman led the AL in home runs for four straight seasons (1911-1914) despite topping out at just 12 in any of them, becoming a franchise legend in the dead-ball era?",Home Run Baker,,,,,
2026-11-03,Left Field,Medium,ff,"What Mariners legend is the franchise's all-time leader in RBI with 1,261?",Edgar Martinez,,,,,
2026-11-03,Center Field,Easy,ff,"From July 2023 to May 2024, what Brewers second baseman put together a 36-game stolen base streak without being caught once, one of only a handful of streaks that long since 2000?",Brice Turang,,,,,
2026-11-03,Right Field,Medium,mc,"After just one year of existence, going 64-98, the Seattle Pilots was sold to Bud Selig and relocated in 1970 to become which Major League franchise?",Milwaukee Brewers,Kansas City Royals,Milwaukee Brewers,San Diego Padres,Montreal Expos,
2026-11-03,Tiebreaker,Tiebreaker,mc,"What team holds the record for the worst winning percentage in MLB history, finishing 20-134 in 1899?",Cleveland Spiders,Cleveland Spiders,Philadelphia Phillies,Washington Senators,St. Louis Browns,
2026-11-06,Pitcher,Easy,ff,"What Brewers first baseman hit 50 home runs in 2007, still the franchise's single-season record?",Prince Fielder,,,,,
2026-11-06,Catcher,Nightmare,ff,"Two players are tied for the all-time MLB record for most career games with a home run from both sides of the plate, with 14 each. Name one of them.",Nick Swisher|Mark Teixeira,,,,,
2026-11-06,1st Base,Medium,ff,"In 2024, the White Sox traded Dylan Cease to the Padres for a four-player package. The headline prospect in that return had himself been acquired by San Diego just three months earlier in the Juan Soto trade with the Yankees. Who was he?",Drew Thorpe,,,,,
2026-11-06,2nd Base,Hard,ff,"What Athletics outfielder holds the all-time MLB record with 11 consecutive 100-RBI seasons to start his career (1924-1934), and also set the single-season hits record for a right-handed batter with 253 in 1925?",Al Simmons,,,,,
2026-11-06,Shortstop,Easy,ff,"Released by the Rangers in 2014 and unwanted by all 30 MLB teams, what pitcher spent three seasons dominating in Japan's NPB before returning to sign with the Cardinals in 2018, finishing 6th in that year's NL Cy Young voting?",Miles Mikolas,,,,,
2026-11-06,3rd Base,Easy,ff,"Career Path: Los Angeles Dodgers (2011-2012), Miami Marlins (2012-2014), New York Yankees (2015-2016), Tampa Bay Rays (2018), Boston Red Sox (2018-2022), Texas Rangers (2023-present)",Nathan Eovaldi,,,,,
2026-11-06,Left Field,Hard,ff,"What Hall of Fame second baseman is the only player in MLB history to steal 6 bases in a single game twice, doing so 11 days apart in September 1912?",Eddie Collins,,,,,
2026-11-06,Center Field,Medium,mc,What first baseman set the Milwaukee Brewers' single-season hits record with 219 in 1980?,Cecil Cooper,Paul Molitor,Cecil Cooper,Robin Yount,Ben Oglivie,
2026-11-06,Right Field,Medium,ff,Who is the only switch hitter in MLB history to record both 400+ career home runs and 300+ career stolen bases?,Carlos Beltran,,,,,
2026-11-06,Tiebreaker,Tiebreaker,mc,"What franchise holds the modern-era record for most losses in a season, going 40-120 in their inaugural 1962 campaign?",New York Mets,New York Mets,Washington Senators,Houston Colt .45s,Kansas City Athletics,
2026-11-08,Pitcher,Medium,ff,"What player, who debuted as a Miami Marlin, is the only second baseman to start his career with six straight 25+ home run seasons, as well as the first player at the position in MLB history to hit 30+ home runs in five straight seasons?",Dan Uggla,,,,,
2026-11-08,Catcher,Easy,ff,"Career Path: Philadelphia Phillies (2006-2015), Texas Rangers (2015-2018), Chicago Cubs (2018-2019), Atlanta Braves (2020).",Cole Hamels,,,,,
2026-11-08,1st Base,Hard,ff,"What Astros center fielder is the franchise's all-time leader in stolen bases with 487, more than double the total of any other player in team history?",Cesar Cedeno,,,,,
2026-11-08,2nd Base,Medium,ff,"What Phillies closer became the franchise's all-time saves leader in 2015, finishing up with 126 total saves with Philadelphia. ",Jonathan Papelbon,,,,,
2026-11-08,Shortstop,Nightmare,ff,"What Tigers pitcher, nicknamed ""Hooks"" for his curveball and active in the 1910s-20s, is the franchise's all-time leader in career wins with 223, ahead of every Hall of Famer to pitch in Detroit?",George Dauss,,,,,
2026-11-08,3rd Base,Easy,mc,"In 2025, what player broke Ken Griffey Jr.'s longstanding Seattle Mariners home run record by hitting 60 in a single season?",Cal Raleigh,Randy Arozarena,Cal Raleigh,Julio Rodriguez,Jorge Polanco,
2026-11-08,Left Field,Medium,ff,"What Cardinals closer, who turned down a bigger offer from the Rangers to sign with his hometown team in 2002, is the franchise's all-time saves leader with 217?",Jason Isringhausen,,,,,
2026-11-08,Center Field,Hard,ff,"What Padres first baseman held the franchise's career home run record for 55 years (1969-2024) with 163, until Manny Machado finally passed him?",Nate Colbert,,,,,
2026-11-08,Right Field,Easy,ff,"In 2021, what Padres shortstop led the NL with 42 home runs while also stealing 25 bases?",Fernando Tatis Jr.,,,,,
2026-11-08,Tiebreaker,Tiebreaker,mc,"Who is the only player in MLB history to win World Series MVP while playing for the losing team, doing so with the 1960 New York Yankees?",Bobby Richardson,Mickey Mantle,Bobby Richardson,Yogi Berra,Roger Maris,
2026-11-10,Pitcher,Nightmare,ff,"Claimed off waivers from the Athletics in July 2021, what Cubs first baseman hit .342 over his final 56 games and finished the season with a .326 average, second in all of MLB behind only Trea Turner?",Frank Schwindel,,,,,
2026-11-10,Catcher,Medium,ff,"What closer is the Marlins all-time saves leader, as well as the Giants, despite spending just five seasons in San Francisco (1998-2002)?",Robb Nen,,,,,
2026-11-10,1st Base,Easy,ff,"Career Path: San Diego Padres (2011), Chicago Cubs (2012-2021), New York Yankees (2021-2024).",Anthony Rizzo,,,,,
2026-11-10,2nd Base,Hard,ff,"What Tigers left-hander, who won 1968 World Series MVP, is the franchise's all-time leader in career strikeouts with 2,679, along with games started and shutouts?",Mickey Lolich,,,,,
2026-11-10,Shortstop,Easy,ff,"In 2024, what Royals shortstop won the AL batting title with a .332 average, also leading MLB in hits (211) while stealing 31 bases?",Bobby Witt Jr.,,,,,
2026-11-10,3rd Base,Easy,ff,"What Orioles catcher, the #1 overall pick in the 2019 draft, won the 2023 AL Silver Slugger Award at his position?",Adley Rutschman,,,,,
2026-11-10,Left Field,Medium,mc,"What outfielder set the Colorado Rockies' single-season stolen base record with 68 in 2008, leading the National League that year?",Willy Taveras,Eric Young,Willy Taveras,Kazuo Matsui,Dexter Fowler,
2026-11-10,Center Field,Medium,ff,"Career Stats: .283 AVG, 1,587 H, 263 HR, 960 RBI, 2014 AL Rookie of the Year, 2020 AL MVP. Defected from Cuba in 2013 before signing with the White Sox.",Jose Abreu,,,,,
2026-11-10,Right Field,Hard,ff,"What reliever, whose Reds tenure overlapped with a failed conversion to starting pitcher, is the franchise's all-time career saves leader with 182?",Danny Graves,,,,,
2026-11-10,Tiebreaker,Tiebreaker,mc,"Who stole home 7 times in the 1969 season, still a modern-era MLB record?",Rod Carew,Rod Carew,Lou Brock,Maury Wills,Tim Raines,
2026-11-13,Pitcher,Easy,ff,"Career Path: Chicago Cubs (2015-2021), San Francisco Giants (2021), Colorado Rockies (2022-present).",Kris Bryant,,,,,
2026-11-13,Catcher,Hard,ff,"What lefty, still the winningest left-handed pitcher in Mets history (140 wins), is the only pitcher in franchise history to both win 20 games in a season (21 in 1976) and lose 20 games in a season (20 in 1977)?",Jerry Koosman,,,,,
2026-11-13,1st Base,Medium,mc,What slugger set the Cleveland franchise's single-season home run record with 52 in 2002?,Jim Thome,Travis Fryman,Jim Thome,Manny Ramirez,Ellis Burks,
2026-11-13,2nd Base,Easy,ff,"Career Path: Chicago Cubs (2016-2022), St. Louis Cardinals (2023-2025), Boston Red Sox (2026-present).",Willson Contreras,,,,,
2026-11-13,Shortstop,Medium,ff,"What legendary player is one of only two switch hitters in MLB history to join the 500-home run club, ultimately retiring with a record 536 career homers?",Mickey Mantle,,,,,
2026-11-13,3rd Base,Hard,ff,"In April 2025, what Giants player became the only Giant in franchise history other than Willie Mays, Willie McCovey, Barry Bonds, and Matt Williams to record at least 7 home runs and 24 RBI within his team's first 23 games of a season?",Wilmer Flores,,,,,
2026-11-13,Left Field,Easy,ff,"What Yankees first baseman, who spent all 14-years of his career with New York put up three consecutive seasons of 30+ home runs and 110+ RBI's and won the 1985 AL MVP?",Don Mattingly,,,,,
2026-11-13,Center Field,Nightmare,ff,"What White Sox left-hander is the franchise's all-time leader in career strikeouts with 1,796, despite pitching in an era before strikeouts were emphasized?",Billy Pierce,,,,,
2026-11-13,Right Field,Medium,ff,"While modern stars like Bryce Harper and Juan Soto launched 22 home runs as teenagers, what Boston Red Sox prodigy holds the single-season teenage record with 24 homers in 1964?", Tony Conigliaro,,,,,
2026-11-13,Tiebreaker,Tiebreaker,mc,"Before Game 4 of the 1985 NLCS, which speedy Cardinals outfielder was run over by the Busch Stadium automatic tarp machine and missed the rest of the series?",Vince Coleman,Vince Coleman,Willie McGee,Ozzie Smith,Tommy Herr,
2026-11-15,Pitcher,Hard,ff,"In 2023, the Giants hit a franchise-record-low 13 triples as a team - the fewest in franchise history. Who led the team with just 3 of those triples?",Joc Pederson,,,,,
2026-11-15,Catcher,Easy,ff,"What Yankees catcher, who debuted in 1995, was a 5-time All-Star and won 5 World Series titles across his entire career spent in pinstripes?",Jorge Posada,,,,,
2026-11-15,1st Base,Medium,ff,"While he ranks 11th on MLB's all-time list with 1,917 career RBIs, what Hall of Famer holds the record for the most runs batted in by a switch hitter?",Eddie Murray,,,,,
2026-11-15,2nd Base,Nightmare,ff,"On August 1, 1978, what Atlanta Braves reliever struck out Pete Rose to end his 44-game hitting streak, one shy of the NL record, and went on to rank third in Braves history with 141 career saves?",Gene Garber,,,,,
2026-11-15,Shortstop,Hard,ff,"Nicknamed ""The Mechanical Man"" for his quiet consistency, what Tigers second baseman won the 1937 AL MVP and batting title (.371), and somewhat surprisingly also led the American League in stolen bases in 1929?",Charlie Gehringer,,,,,
2026-11-15,3rd Base,Medium,mc,"What pitcher set the Nationals/Expos franchise's single-season strikeout record with 305 in 1997, winning the NL Cy Young Award as a Montreal Expo.",Pedro Martinez,Steve Rogers,Pedro Martinez,Randy Johnson,Javier Vazquez,
2026-11-15,Left Field,Easy,ff,"In 2021, what Blue Jays left-hander led all of MLB with 248 strikeouts and went on to win the AL Cy Young Award - a year posting a combined 6.62 ERA between the Diamondbacks and Blue Jays?",Robbie Ray,,,,,
2026-11-15,Center Field,Easy,ff,"What 5-time All-Star outfielder, known for his time with the Minnesota Twins won 9 consecutive Gold Gloves (2001-2009) and is famous for robbing Barry Bonds of a home run in the 2002 All-Star Game?",Torii Hunter,,,,,
2026-11-15,Right Field,Medium,ff,"In a legendary battle of veterans, what 48-year-old set the final and current record of the oldest player in MLB history to hit a home run when he launched a deep fly ball off 43-year-old Randy Johnson?",Julio Franco,,,,,
2026-11-15,Tiebreaker,Tiebreaker,mc,"Who is the only person to hit an MLB home run and score an NFL touchdown in the same week, doing so in 1992?",Deion Sanders,Deion Sanders,Bo Jackson,Brian Jordan,Chad Hutchinson,
2026-11-17,Pitcher,Easy,ff,"What 4-time All-Star center fielder won 8 Gold Gloves and a 2006 World Series with the Cardinals, and is known for one of the greatest catches in MLB history?",Jim Edmonds,,,,,
2026-11-17,Catcher,Hard,ff,"Career Stats: 373-208, 2.56 ERA, 90 shutouts (2nd all-time, still the NL record), 3x pitching Triple Crown winner. His 16 shutouts in 1916 remain a single-season MLB record. Tied with Christy Mathewson for the most wins in NL history.",Grover Cleveland Alexander,,,,,
2026-11-17,1st Base,Easy,ff,What Reds shortstop led all of MLB in stolen bases in 2024 (46) during his first career All-Star season?,Elly De La Cruz,,,,,
2026-11-17,2nd Base,Medium,ff,"In 2017, what team won 22 consecutive games, the longest true winning streak (with no ties) in modern MLB history?",Cleveland Indians,,,,,
2026-11-17,Shortstop,Hard,ff,"What White Sox pitcher, who spent 21 seasons with the team (1923-1942, 1946), is the franchise's all-time leader in career wins with 260?",Ted Lyons,,,,,
2026-11-17,3rd Base,Medium,ff,"In 2024, at age 31, what San Diego Padres outfielder was hit by a pitch 18 times, setting a new career high and a franchise single-season record, while also posting the best offensive season of his career?",Jurickson Profar,,,,,
2026-11-17,Left Field,Easy,ff,"What 4x All-Star first baseman, who spent 11 years with the Twins won the 2006 AL MVP award, narrowly edging out Derek Jeter?",Justin Morneau,,,,,
2026-11-17,Center Field,Medium,mc,"What Reds catcher homered in his very first career MLB plate appearance on July 27, 2020, becoming just the third player in franchise history to do so?",Tyler Stephenson,Devin Mesoraco,Curt Casali,Tyler Stephenson,Chuckie Robinson,
2026-11-17,Right Field,Nightmare,ff,"What Padres third baseman set the still-standing NL record by homering from both sides of the plate four times in a single season (1996), doing it three times in August alone?",Ken Caminiti,,,,,
2026-11-17,Tiebreaker,Tiebreaker,mc,Who was the one-armed outfielder who played a full season in the majors for the St. Louis Browns in 1945 while many players were serving in WWII?,Pete Gray,Pete Gray,Bert Shepard,Monty Stratton,Lou Brissie,
2026-11-20,Pitcher,Medium,ff,"In 2024, what Athletics outfielder stole 18 bases without being caught once, tying the franchise's all-time record for stolen base perfection set by Jimmy Sexton in 1982?",Lawrence Butler,,,,,
2026-11-20,Catcher,Easy,ff,"In 2026, what Royals infielder became just the third player in MLB history (and the first since 1961) to record a hit in 12 consecutive plate appearances, matching marks set by Johnny Kling (1902) and Walt Dropo (1952)?",Tyler Tolbert,,,,,
2026-11-20,1st Base,Hard,ff,"In a 1924 game, what Cardinals first baseman drove in 12 runs, setting an MLB record that stood alone for 69 years until Mark Whiten matched it in 1993?",Jim Bottomley,,,,,
2026-11-20,2nd Base,Easy,ff,"What Nationals shortstop was named a National League All-Star in both 2024 and 2026, starting at the position in the 2026 All-Star Game?",CJ Abrams,,,,,
2026-11-20,Shortstop,Medium,ff,"In 2023, what Seattle Mariners hitter led the AL by getting hit by a pitch 34 times, setting a new franchise single-season record after also having set the previous record (27) just two years earlier?",Ty France,,,,,
2026-11-20,3rd Base,Nightmare,ff,"In 2004, the final season of the Montreal Expos, two players paced the team with 32 homers each. Name one of them.",Brad Wilkerson|Tony Batista,,,,,
2026-11-20,Left Field,Hard,ff,"What Royals switch-hitter is the franchise's all-time leader in stolen bases, and won the 1982 AL batting title by edging Robin Yount .3316 to .3307 on the final day of the season?",Willie Wilson,,,,,
2026-11-20,Center Field,Easy,mc,What outfielder set the Tampa Bay Rays' single-season stolen base record with 60 in 2009?,Carl Crawford,Jason Bartlett,Carl Crawford,B.J. Upton,Desmond Jennings,
2026-11-20,Right Field,Medium,ff,"In 2021, what Atlanta Braves trade deadline pickup led the NL with 113 RBI despite hitting just .228?",Adam Duvall,,,,,
2026-11-20,Tiebreaker,Tiebreaker,mc,"Who became the first Black pitcher to win 20 games in the American League, going 21-7 for the pennant-winning 1965 Twins?",Jim 'Mudcat' Grant,Jim 'Mudcat' Grant,Earl Battey,Camilo Pascual,Tony Oliva,
2026-11-22,Pitcher,Hard,ff,"After posting a 4.45 ERA with 20 saves over his first four MLB seasons, what Pirates closer broke out in 2011 with a 1.83 ERA and a league-leading 40 saves, then made a second straight All-Star team in 2012?",Joel Hanrahan,,,,,
2026-11-22,Catcher,Medium,ff,"In 2023, what Seattle Mariners pitcher posted a franchise-record 0.897 walks per 9 innings, the stingiest control season by any starter in team history?",George Kirby,,,,,
2026-11-22,1st Base,Nightmare,ff,"Career Path: Minnesota Twins (2010), Washington Nationals (2010-2016), Tampa Bay Rays (2017-2018), Philadelphia Phillies (2018), New York Mets (2019-2020), Detroit Tigers (2021), Cleveland Indians (2021).",Wilson Ramos,,,,,
2026-11-22,2nd Base,Easy,ff,"What pitcher, a 2022 World Series champion with the Astros, set the MLB record for most consecutive quality starts with 25?",Framber Valdez,,,,,
2026-11-22,Shortstop,Easy,ff,"What Phillies second baseman won a World Series in 2008, made 6 All-Star teams, and tied the MLB record for most home runs in a single World Series (5) in the 2009 Fall Classic?",Chase Utley,,,,,
2026-11-22,3rd Base,Hard,ff,"What team holds the all-time MLB record for longest winning streak in a season with 26 games in 1916 (technically an unbeaten streak due to one tie), a mark that has stood for over a century?",New York Giants,,,,,
2026-11-22,Left Field,Medium,ff,"In 2021, what Los Angeles Dodgers pitcher led all of MLB with 20 wins, the only 20-game winner in baseball that season?",Julio Urias,,,,,
2026-11-22,Center Field,Easy,ff,"What Royals first baseman, a 5-time All-Star and the franchise's first-ever team captain, holds the club's single-season RBI record with 144 in 2000?",Mike Sweeney,,,,,
2026-11-22,Right Field,Medium,mc,What outfielder set the Cincinnati Reds' single-season home run record with 52 in 1977?,George Foster,Johnny Bench,George Foster,Tony Perez,Joe Morgan,
2026-11-22,Tiebreaker,Tiebreaker,mc,"Who capped off his march to 3,000 career hits with a home run in 1999, becoming the first player ever to reach the milestone that way?",Wade Boggs,Cal Ripken Jr.,Wade Boggs,Tony Gwynn,Paul Molitor,
2026-11-24,Pitcher,Easy,ff,"What Twins pitcher was named to consecutive All-Star teams in 2025 and 2026, and holds the highest career strikeout rate in franchise history?",Joe Ryan,,,,,
2026-11-24,Catcher,Nightmare,ff,"What lefty reliever appeared in 6 World Series (2 with the Braves, 4 with the Yankees) and ranks second all-time in career games pitched with 1,178, behind only Jesse Orosco?",Mike Stanton,,,,,
2026-11-24,1st Base,Medium,ff,"In 2021, what San Diego Padres closer led all of MLB with 39 saves?",Mark Melancon,,,,,
2026-11-24,2nd Base,Hard,ff,"In 2008, what Cardinals outfielder posted career highs across the board with a .299 average, 37 HR, 113 RBI?",Ryan Ludwick,,,,,
2026-11-24,Shortstop,Easy,ff,"What Cubs outfielder set the franchise's single-season home run record with 66 in 1998, during his chase with Mark McGwire?",Sammy Sosa,,,,,
2026-11-24,3rd Base,Easy,ff,What Angels leadoff hitter set a career high and led all of MLB with 62 stolen bases in 2005.,Chone Figgins,,,,,
2026-11-24,Left Field,Hard,ff,Only two players in MLB history have hit 130+ home runs with three different franchises. Name one of them.,Alex Rodriguez|Darrell Evans,,,,,
2026-11-24,Center Field,Medium,mc,What slugger set the Chicago White Sox's single-season home run record with 49 in 1998?,Albert Belle,Frank Thomas,Albert Belle,Magglio Ordonez,Paul Konerko,
2026-11-24,Right Field,Medium,ff,"On the final day of the 2021 season, what 37-year-old Astros first baseman clinched the AL batting title (.319) with a walk-off single, becoming the second-oldest first time batting champion in MLB history behind only Barry Bonds?",Yuli Gurriel,,,,,
2026-11-24,Tiebreaker,Tiebreaker,mc,"Who shocked baseball by retiring at age 30 after the 1966 season, at the absolute peak of his career, due to chronic arthritis in his pitching elbow?",Sandy Koufax,Don Drysdale,Sandy Koufax,Bob Gibson,Warren Spahn,
2026-11-27,Pitcher,Medium,ff,"What lefty reliever, who pitched for nine teams over 24 seasons (1979-2003) and closed out Game 7 of the 1986 World Series for the Mets, holds the all-time MLB record for career games pitched with 1,252?",Jesse Orosco,,,,,
2026-11-27,Catcher,Easy,ff,"In 2009, what Marlins shortstop set career highs with a .342 batting average and 106 RBI, winning the NL batting title.",Hanley Ramirez,,,,,
2026-11-27,1st Base,Hard,ff,"Who recorded the final out of the 2016 World Series, inducing a game-ending groundout that ended the Chicago Cubs' 108-year championship drought?",Mike Montgomery,,,,,
2026-11-27,2nd Base,Medium,ff,"In August 2025, what MLB team set a new single-season franchise record with a 14-game winning streak, breaking a mark of 13 straight wins that had stood since the 1987 season?",Milwaukee Brewers,,,,,
2026-11-27,Shortstop,Nightmare,ff,"On August 23, 2009, what Phillies second baseman recorded the most recent unassisted triple play in MLB history, ending the game on the play against the Mets?",Eric Bruntlett,,,,,
2026-11-27,3rd Base,Easy,mc,"On May 11, 2016, what Nationals ace struck out 20 batters in a complete-game win over his former team, tying the modern MLB record for a nine-inning game?",Max Scherzer,Stephen Strasburg,Max Scherzer,Gio Gonzalez,Tanner Roark,
2026-11-27,Left Field,Medium,ff,"What Rangers outfielder, a 2x AL MVP (1996, 1998), is the franchise's all-time leader in career home runs with 372?",Juan Gonzalez,,,,,
2026-11-27,Center Field,Hard,ff,"What Hall of Fame outfielder, who played his entire 13-year career in Cleveland (1929-1939), is the franchise's all-time leader in career RBI with 1,084?",Earl Averill,,,,,
2026-11-27,Right Field,Easy,ff,"In 2000, what Rockies first baseman set career highs with a .372 batting average and 147 RBI, both league-leading totals?",Todd Helton,,,,,
2026-11-27,Tiebreaker,Tiebreaker,mc,"Just 11 weeks after Jackie Robinson's debut in 1947, who became the first Black player in American League history, suiting up for the Cleveland Indians?",Larry Doby,Larry Doby,Satchel Paige,Monte Irvin,Don Newcombe,
2026-11-29,Pitcher,Nightmare,ff,"What 19th-century Reds second baseman, elected to the Hall of Fame by the Veterans Committee in 2000, is the franchise's all-time leader in career stolen bases despite playing his entire 18-year career before 1900?",Bid McPhee,,,,,
2026-11-29,Catcher,Medium,ff,"What Rockies first baseman, part of the ""Blake Street Bombers"" era, holds the franchise's single-season RBI record with 150?",Andres Galarraga,,,,,
2026-11-29,1st Base,Easy,ff,"In 1999, what Cleveland outfielder set a career high and the franchise's single-season record with 165 RBI?",Manny Ramirez,,,,,
2026-11-29,2nd Base,Hard,ff,"At 39 years and 250 days old in August 2018, what Detroit Tiger became the oldest player in MLB history to hit a home run from both sides of the plate in the same game?",Victor Martinez,,,,,
2026-11-29,Shortstop,Easy,ff,"What Montreal Expos outfielder, who is the first player to have his number retired by the franchise, is the only player in MLB history with 500+ hits for four different teams?",Rusty Staub,,,,,
2026-11-29,3rd Base,Easy,ff,"What Nationals third baseman led the NL in RBI (126) during the 2019 season, finished 3rd in NL MVP voting, and hit a key home run in Game 6 of that year's World Series to help Washington win its first title?",Anthony Rendon,,,,,
2026-11-29,Left Field,Medium,mc,"On April 17, 2010, what Rockies right-hander threw the only no-hitter in franchise history, beating the Braves in Atlanta.",Ubaldo Jimenez,Jorge De La Rosa,Ubaldo Jimenez,Jason Hammel,Jeff Francis,
2026-11-29,Center Field,Medium,ff,"What Rockies third baseman, part of the ""Blake Street Bombers,"" became the first player in franchise history to hit 40+ home runs in three consecutive seasons (1996-1998)?",Vinny Castilla,,,,,
2026-11-29,Right Field,Hard,ff,What is the fewest RBI in a season by a player with 30 or more home runs? Four players are tied for the record with 59 RBI. Name one of them.,Cedric Mullins|Kyle Schwarber|Curtis Granderson|Jedd Gyorko,,,,,
2026-11-29,Tiebreaker,Tiebreaker,mc,Who was named World Series MVP in 1971 after leading the Pirates to a stunning upset of the heavily favored Orioles?,Roberto Clemente,Willie Stargell,Roberto Clemente,Manny Sanguillen,Steve Blass,
2026-12-01,Pitcher,Easy,ff,"This slugger set the Minnesota Twins' single-season home run record with 49, doing it in both 1964 and 1969.",Harmon Killebrew,,,,,
2026-12-01,Catcher,Hard,ff,"In 2001, what Mariners second baseman had a career year that came out of nowhere with a .331 average, 37 HR, and an AL-leading 141 RBI? Prior to 2001, his career highs were 24 homers and 95 RBIs.",Bret Boone,,,,,
2026-12-01,1st Base,Medium,mc,"In 1972, what Phillies left-hander won a career-high 27 games for a last-place team that won only 59 all season, capturing the pitching Triple Crown?",Steve Carlton,Rick Wise,Steve Carlton,Woodie Fryman,Chris Short,
2026-12-01,2nd Base,Easy,ff,What first baseman set the Houston Astros' single-season home run record with 47 in 2000?,Jeff Bagwell,,,,,
2026-12-01,Shortstop,Medium,ff,"In August 2025, Pete Alonso hit his 253rd home run as a Met, passing what franchise legend to become the new all-time Mets home run leader?",Darryl Strawberry,,,,,
2026-12-01,3rd Base,Hard,ff,"In 1991, what at the time, career .259 hitter signed with the last-place Braves as a free agent and won the NL MVP by hitting .319, leading Atlanta on a worst-to-first turnaround to the World Series?",Terry Pendleton,,,,,
2026-12-01,Left Field,Easy,ff,"In 2016, this Cubs third baseman set a career high with 39 home runs while winning the NL MVP award and a World Series title.",Kris Bryant,,,,,
2026-12-01,Center Field,Nightmare,ff,"In 1980, what Orioles pitcher with a career 78-79 record entering the season, suddenly went 25-7 and won the AL Cy Young, only to go 4-7 the very next year and retire from arm damage shortly after?",Steve Stone,,,,,
2026-12-01,Right Field,Medium,ff,"What Blue Jays shortstop, who played four separate stints in Toronto and helped the team win the 1993 World Series, is the franchise's all-time leader in games played, hits, singles, and triples?",Tony Fernandez,,,,,
2026-12-01,Tiebreaker,Tiebreaker,mc,"When the Baseball Hall of Fame's first class was inducted in 1936, which honoree was the only one already deceased, having died in 1925?",Christy Mathewson,Ty Cobb,Babe Ruth,Christy Mathewson,Honus Wagner,
2026-12-04,Pitcher,Hard,ff,"In 1989, what outfielder won the NL MVP by leading the majors with 47 home runs and 125 RBI, a career year so out of nowhere that his previous season-best WAR had been just 3.9",Kevin Mitchell,,,,,
2026-12-04,Catcher,Easy,ff,"In 1982, this Brewers shortstop set career highs with 29 home runs and 114 RBI en route to winning AL MVP.",Robin Yount,,,,,
2026-12-04,1st Base,Medium,ff,"During the Diamondbacks' 2023 World Series run, what player set the all-time MLB postseason record for consecutive playoff games with a hit (18), surpassing Derek Jeter, Manny Ramirez, and Hank Bauer?",Ketel Marte,,,,,
2026-12-04,2nd Base,Nightmare,ff,"What pitcher is the only player in MLB history to win a Cy Young Award in a season he was traded mid-year, going from a 4-5 record and 5.15 ERA with Cleveland to a 16-1 record and 2.69 ERA after being dealt to the Cubs in June 1984?",Rick Sutcliffe,,,,,
2026-12-04,Shortstop,Hard,ff,"In April 2006, what Detroit Tigers player hit 9 home runs in his team's first 13 games, an American League record? After that barrage, he only hit only 9 more home runs total for the rest of his career.",Chris Shelton,,,,,
2026-12-04,3rd Base,Medium,mc,"In 2009, this defense-first Rockies infielder set a career high with 23 home runs, still a franchise record for a second baseman.",Clint Barmes,Jeff Baker,Ty Wigginton,Ian Stewart,Clint Barmes,
2026-12-04,Left Field,Easy,ff,"In 2015, this Nationals outfielder set career highs with 42 home runs and a .330 batting average, winning a unanimous NL MVP award.",Bryce Harper,,,,,
2026-12-04,Center Field,Easy,ff,"In 2021, this Blue Jays first baseman set career highs with 48 home runs and a .311 batting average, finishing runner-up for AL MVP.",Vladimir Guerrero Jr.,,,,,
2026-12-04,Right Field,Medium,ff,"On May 10, 2022, which Los Angeles Angels rookie pitcher became the youngest player in franchise history to throw a solo no-hitter, doing so at just 22 years old against the Tampa Bay Rays?",Reid Detmers,,,,,
2026-12-04,Tiebreaker,Tiebreaker,mc,Who famously waved his home run fair with his arms in Game 6 of the 1975 World Series?,Carlton Fisk,Carlton Fisk,Carl Yastrzemski,Dwight Evans,Fred Lynn,
2026-12-06,Pitcher,Easy,ff,"In 1991, this Orioles shortstop set career highs with 34 home runs and 114 RBI, winning his second AL MVP award.",Cal Ripken Jr.,,,,,
2026-12-06,Catcher,Hard,ff,"What journeyman outfielder homered off Randy Johnson in his very first career at-bat (2002), and still holds the Tigers franchise record for lowest career at-bats-per-home-run ratio (14.8), despite bouncing around four teams over 10 seasons?",Marcus Thames,,,,,
2026-12-06,1st Base,Easy,ff,"In 2000, what Marlins second baseman who was better known for his defense and speed than his bat, set career highs with a .334 batting average and an NL-leading 62 stolen bases?",Luis Castillo,,,,,
2026-12-06,2nd Base,Medium,ff,"In 2003, his contract year with the Braves, what catcher hit 43 home runs (42 while catching), passing his previous career high of 34 and setting a since-broken MLB record for home runs by a catcher in a season?",Javy Lopez,,,,,
2026-12-06,Shortstop,Hard,ff,"After flopping as a starter in 2015 (4-8, 6.88 ERA) and converting to the bullpen, what Tigers pitcher broke out for real in 2019 with a career-best season and his first All-Star selection before being traded to the Braves at the deadline?",Shane Greene,,,,,
2026-12-06,3rd Base,Medium,ff,"In 2012, what Giants outfielder was hitting .346 and leading the NL in hits, and had just won All-Star Game MVP, before a 50-game PED suspension in mid-August ended his season and he voluntarily removed himself from batting title contention?",Melky Cabrera,,,,,
2026-12-06,Left Field,Easy,ff,"In 2012, this Pirates outfielder set career highs with a .327 batting average, 31 home runs, and 96 RBI, finishing third in NL MVP voting.",Andrew McCutchen,,,,,
2026-12-06,Center Field,Medium,mc,"In 2009, what Diamondbacks infielder set career highs with 44 home runs and 102 RBI.",Mark Reynolds,Stephen Drew,Tony Clark,Mark Reynolds,Kelly Johnson,
2026-12-06,Right Field,Nightmare,ff,"In 1994, what Kansas City Royals rookie broke Bo Jackson's franchise rookie home run record (24) and won AL Rookie of the Year over runner-up Manny Ramirez?",Bob Hamelin,,,,,
2026-12-06,Tiebreaker,Tiebreaker,mc,Who holds the all-time MLB record for career triples with 309?,Sam Crawford,Ty Cobb,Sam Crawford,Honus Wagner,Stan Musial,
2026-12-08,Pitcher,Medium,ff,"The AL Rookie of the Year in 2020, what player currently holds an unfortunate record of the fewest career games of any ROY winner?",Kyle Lewis,,,,,
2026-12-08,Catcher,Easy,ff,"At 44 years old in 1991, what legendary Rangers fireballer became the oldest pitcher to ever throw a no-hitter?",Nolan Ryan,,,,,
2026-12-08,1st Base,Hard,ff,"In 2005, what Opening Day lineup had Aaron Boone at 3B, Ben Broussard at 1B, Ronnie Belliard at 2B, and Jose Hernandez in LF?",Cleveland Indians,,,,,
2026-12-08,2nd Base,Easy,ff,"What Blue Jays pitcher, acquired in a 2021 trade deadline deal from the Twins, joined Dave Stieb as the only pitchers in franchise history to make 32 starts with 140+ strikeouts in three consecutive seasons (2022-2024)?",Jose Berrios,,,,,
2026-12-08,Shortstop,Medium,ff,"Career Stats: .313 AVG, 202 HR, 1,209 RBI, 11x All-Star, 7x World Series champion as a Yankees catcher. After retiring, he came back as a coach specifically to mentor his uniform-number successor Yogi Berra.",Bill Dickey,,,,,
2026-12-08,3rd Base,Nightmare,ff,"What second baseman set a career high with 36 home runs in 2009, winning AL Comeback Player of the Year.",Aaron Hill,,,,,
2026-12-08,Left Field,Hard,ff,"What relief pitcher, who coined the phrase ""Ya Gotta Believe"" with the 1973 Mets, struck out Willie Wilson to record the final out of the 1980 World Series and secure the Phillies' first championship?",Tug McGraw,,,,,
2026-12-08,Center Field,Easy,mc,"Before becoming a Yankees legend, which team did Babe Ruth play for as a star pitcher and outfielder?",Boston Red Sox,Boston Red Sox,Baltimore Orioles,Philadelphia Athletics,Cleveland Naps,
2026-12-08,Right Field,Medium,ff,"On July 30, 2026, what Minnesota Twins player hit the first walk-off grand slam since David Bote in 2018?",Kody Clemens ,,,,,
2026-12-08,Tiebreaker,Tiebreaker,mc,"What team won the first modern World Series in 1903, defeating the Pittsburgh Pirates?",Boston Americans,Boston Americans,Chicago White Stockings,New York Giants,Cleveland Naps,
2026-12-11,Pitcher,Hard,ff,"In 2005, what Opening Day lineup had Carlos Lee in LF, Junior Spivey at 2B, Chad Moeller at C, and Brady Clark in CF?",Milwaukee Brewers,,,,,
2026-12-11,Catcher,Medium,ff,"What 2019 team set a then-MLB record with 307 home runs, fueled by a MLB record eight different players hitting 20 or more homers?",Minnesota Twins,,,,,
2026-12-11,1st Base,Nightmare,ff,"Which longtime utility player and ultimate bench specialist holds the MLB record for the most career pinch hits, racking up 212 of them over an 18-year career?",Lenny Harris,,,,,
2026-12-11,2nd Base,Easy,ff,"After six seasons with the Twins as a Rule 5 pick, what reliever was dealt to the Astros at the 2018 deadline and turned into a 2x All-Star closer who had 111 saves and 2.81 ERA during his 7-year stint with Houston?",Ryan Pressly,,,,,
2026-12-11,Shortstop,Easy,ff,"What defense-first shortstop, who won three Gold Gloves in Baltimore, set a career high with 30 home runs for the Orioles in 2011?",J.J. Hardy,,,,,
2026-12-11,3rd Base,Hard,ff,"Released as a Cardinals pitching prospect and working at McDonald's to afford gas money for independent league tryouts, what outfielder got his big break with the Diamondbacks in 2013, carving out an 11-year MLB career highlighted by a Gold Glove and Silver Slugger with Arizona?",David Peralta,,,,,
2026-12-11,Left Field,Medium,ff,"After nine years as a back-of-the-rotation starter, what pitcher signed with Houston in 2017, earned two All-Star nods during a dominant five-year peak, and became the first pitcher in MLB history to win two winner-take-all Game 7s in a single postseason?",Charlie Morton,,,,,
2026-12-11,Center Field,Easy,ff,"Drafted by the Rays but never called up, what pitcher spent four seasons pitching in Korea's KBO league before finally making his MLB debut with the Diamondbacks at age 30, and started World Series Game 2 for Arizona in 2023?",Merrill Kelly,,,,,
2026-12-11,Right Field,Medium,mc,"In 2011, what Angels shortstop, valued for his glove far more than his bat, set career highs with 10 home runs and 59 RBI (the same year he won his only career Gold Glove)?",Erick Aybar,Erick Aybar,Howie Kendrick,Alberto Callaspo,Maicer Izturis,
2026-12-11,Tiebreaker,Tiebreaker,mc,Who won 2025 All-Star Game MVP by hitting three home runs on three swings in the first-ever swing-off tiebreaker?,Kyle Schwarber,Kyle Schwarber,Bryce Harper,Ronald Acuna Jr.,Shohei Ohtani,
2026-12-13,Pitcher,Easy,ff,"Acquired as the centerpiece return in the trade that sent Juan Soto to the Yankees, what reliever-turned-starter had an immediate breakout with the Padres in 2024, posting a 2.95 ERA and finishing 7th in NL Cy Young voting in his first full season as a starter?",Michael King,,,,,
2026-12-13,Catcher,Nightmare,ff,"What utility man, who finished his career with just 125 total home runs, set a stunning career high of 35 home runs in 2006?",Bill Hall,,,,,
2026-12-13,1st Base,Medium,ff,"A 36th-round draft pick who was released by the Yankees, claimed by the Orioles in the Rule 5 draft, designated for assignment days later, traded to Seattle, and released again, what pitcher returned to New York for a third stint and broke out in 2022 with a 12-4, 2.44 ERA?",Nestor Cortes,,,,,
2026-12-13,2nd Base,Hard,ff,"In 2010, what Opening Day lineup had Rod Barajas at C, Gary Matthews Jr. in CF, Jeff Francoeur in RF, and Jason Bay in LF?",New York Mets,,,,,
2026-12-13,Shortstop,Easy,ff,What Blue Jays shortstop (now with the Mets) led the AL in hits in both 2021 and 2022?,Bo Bichette,,,,,
2026-12-13,3rd Base,Easy,ff,"What switch-hitting Braves second baseman, who has spent his entire career in Atlanta, won the 2021 World Series and has made 4 career All-Star teams?",Ozzie Albies,,,,,
2026-12-13,Left Field,Hard,ff,"After starting his career 0-8 with a 8.94 ERA for the Mets and Rockies, what pitcher was claimed off waivers by Houston in 2013, only to finish fourth in Rookie of the Year voting in 2014 and eighth in Cy Young voting after a 19-win season in 2015?",Collin McHugh,,,,,
2026-12-13,Center Field,Medium,mc,"In 2014, what Reds catcher set career highs with a .273 batting average and 25 home runs? Following this breakout season, the backstop only mustered 17 home runs in his final 4 big league seasons.",Devin Mesoraco,Tucker Barnhart,Devin Mesoraco,Ryan Hanigan,Brayan Pena,
2026-12-13,Right Field,Medium,ff,"Which MLB team is the only franchise in postseason history to hit four home runs in a single inning, a historic feat they accomplished during the 2023 National League Division Series?",Arizona Diamondbacks,,,,,
2026-12-13,Tiebreaker,Tiebreaker,mc,Who won the 2019 AL batting title while playing shortstop for the Chicago White Sox?,Tim Anderson,Tim Anderson,Jose Altuve,Xander Bogaerts,Michael Brantley,
2026-12-15,Pitcher,Medium,ff,"What ""Big Red Machine"" first baseman, a 7-time All-Star, won two World Series with the Reds in 1975 and 1976, driving in 1,652 career runs?",Tony Perez,,,,,
2026-12-15,Catcher,Easy,ff,What outfielder won a 2022 World Series with the Houston Astros before later earning a $240 million dollar payday over four year from the Los Angeles Dodgers?,Kyle Tucker,,,,,
2026-12-15,1st Base,Hard,ff,"In 2010, what Opening Day lineup had Jason Kendall at C, Yuniesky Betancourt at SS, Scott Podsednik in LF, and Rick Ankiel in CF?",Kansas City Royals,,,,,
2026-12-15,2nd Base,Medium,ff,What 11-time All-Star won the 1958 NL Rookie of the Year with the Giants and the 1967 NL MVP (unanimously) while leading the Cardinals to a World Series title?,Orlando Cepeda,,,,,
2026-12-15,Shortstop,Nightmare,ff,"Career Path: Philadelphia Phillies (2007-2010), Houston Astros (2010-2012), Toronto Blue Jays (2012-2014, 2016-2018), Seattle Mariners (2015), Pittsburgh Pirates (2015), New York Yankees (2018-2020), Minnesota Twins (2021), St. Louis Cardinals (2021).",J.A. Happ,,,,,
2026-12-15,3rd Base,Easy,mc,"In 1975, what Orioles right-hander led the majors with 23 wins, a 2.09 ERA, and 10 shutouts, a shutout total no starter has matched since.",Jim Palmer,Mike Torrez,Jim Palmer,Mike Cuellar,Ross Grimsley Jr.,
2026-12-15,Left Field,Medium,ff,"Career Path: Los Angeles Dodgers (2013-2018), Cincinnati Reds (2019), Cleveland Indians (2019).",Yasiel Puig,,,,,
2026-12-15,Center Field,Hard,ff,"In 2010, what Opening Day lineup had Garrett Atkins at 1B, Cesar Izturis at SS, Felix Pie in LF and Luke Scott at DH?",Baltimore Orioles,,,,,
2026-12-15,Right Field,Easy,ff,"What relief pitcher held the all-time MLB saves record (478) from 1993 to 2006, and was a 7-time All-Star?",Lee Smith,,,,,
2026-12-15,Tiebreaker,Tiebreaker,mc,"Who became the first player in MLB history to join the 40-40 club, hitting 40 home runs and stealing 40 bases in the same season for the 1988 Athletics?",Jose Canseco,Jose Canseco,Barry Bonds,Alex Rodriguez,Alfonso Soriano,
2026-12-18,Pitcher,Nightmare,ff,"In the 1990 World Series, what Reds pitcher was named MVP after going 2-0 with a 0.59 ERA as Cincinnati swept the heavily-favored Athletics, capping a wire-to-wire regular season?",Jose Rijo,,,,,
2026-12-18,Catcher,Medium,ff,"What Dodgers first baseman won the 1974 NL MVP award, made 10 career All-Star teams, and won the 1981 World Series?",Steve Garvey,,,,,
2026-12-18,1st Base,Easy,ff,What left-handed reliever is the New York Mets' all-time saves leader (276) and still holds the MLB career saves record among left-handed pitchers (424)?,John Franco,,,,,
2026-12-18,2nd Base,Hard,ff,"In 2010, what Opening Day lineup had Mike Fontenot at 2B, Alfonso Soriano in LF Marlon Byrd in CF, and Kosuke Fukudome in RF?",Chicago Cubs,,,,,
2026-12-18,Shortstop,Easy,ff,What knuckleball pitcher won exactly 318 career games and became the oldest pitcher ever to throw a complete-game shutout (at age 46) in the process of winning his 300th game with the Yankees?,Phil Niekro,,,,,
2026-12-18,3rd Base,Easy,ff,"In 2018, what flashy-fielding Cubs infielder set career highs with 34 home runs and a league-leading 111 RBI, finishing runner-up for NL MVP.",Javier Baez,,,,,
2026-12-18,Left Field,Medium,mc,"In 2017, this defense-first Nationals center fielder posted the best offensive season of his Washington tenure, hitting .271 with 19 home runs and 17 stolen bases.",Michael A. Taylor,Brian Goodwin,Michael A. Taylor,Adam Eaton,Victor Robles,
2026-12-18,Center Field,Medium,ff,"What second baseman won the 1991 AL Rookie of the Year and World Series with the Twins, then won three more World Series titles with the Yankees from 1998-2000?",Chuck Knoblauch,,,,,
2026-12-18,Right Field,Hard,ff,"After multiple injuries and stops with five different organizations, what pitcher made his first career All-Star team in 2023 with the Giants at age 35, becoming the fourth-oldest first-time All-Star in franchise history?",Alex Cobb,,,,,
2026-12-18,Tiebreaker,Tiebreaker,mc,"Who set the American League single-season batting average record with a .426 mark in 1901, a mark that still stands today?",Nap Lajoie,Nap Lajoie,Ty Cobb,Rogers Hornsby,Ted Williams,
2026-12-20,Pitcher,Easy,ff,"In 1973, this Angels fireballer set the still-standing modern-era single-season strikeout record with 383, while also throwing two no-hitters that year.",Nolan Ryan,,,,,
2026-12-20,Catcher,Hard,ff,"In 2018, what Opening Day lineup had Alex Avila at C, , Jake Lamb at 3B, Adam Jones in RF, and Jarrod Dyson in CF?",Arizona Diamondbacks,,,,,
2026-12-20,1st Base,Medium,mc,"In 2004, what Brewers ace set a career-high and franchise-record 264 strikeouts, yet finished with a losing 12-14 record because of poor run support?",Ben Sheets,Chris Capuano,Ben Sheets,Doug Davis,Glendon Rusch,
2026-12-20,2nd Base,Easy,ff,"In 2010, what Reds first baseman won a near-unanimous NL MVP award with career-best numbers across the board: a .324 average, 37 home runs, and 113 RBI?",Joey Votto,,,,,
2026-12-20,Shortstop,Medium,ff,"In Game 5 of the 2019 NLDS, what Nationals infielder hit a go-ahead grand slam off Joe Kelly in the 10th inning to eliminate the 106-win Dodgers and send Washington to its first-ever NLCS?",Howie Kendrick,,,,,
2026-12-20,3rd Base,Hard,ff,"Career Path: Pittsburgh Pirates (2006-2007), San Francisco Giants (2007-2008), Oakland Athletics (2008-2010, 2017), Toronto Blue Jays (2011-2013), Detroit Tigers (2014-2015), Cleveland Indians (2016, 2018), Boston Red Sox (2017), New York Mets (2019)",Rajai Davis,,,,,
2026-12-20,Left Field,Easy,ff,"In 2005, what Angels right-hander won a career-high 21 games to capture the AL Cy Young Award, the franchise's first Cy Young winner since 1964?",Bartolo Colon,,,,,
2026-12-20,Center Field,Nightmare,ff,"Which Cleveland Indians pitcher was named an American League All-Star in 2016 after a dominant 10-3 and 2.75 ERA first half, but saw his promising career cut short by chronic shoulder injuries?",Danny Salazar,,,,,
2026-12-20,Right Field,Medium,ff,"What Yankees pitcher, part of the ""Core Four,"" is the all-time MLB leader in postseason wins with 19, and won 5 World Series championships?",Andy Pettitte,,,,,
2026-12-20,Tiebreaker,Tiebreaker,mc,"In the biggest trade of the 2026 deadline, the Tigers sent ace Tarik Skubal to which two-time defending World Series champion?",Los Angeles Dodgers,New York Yankees,Los Angeles Dodgers,Philadelphia Phillies,Chicago Cubs,
2026-12-22,Pitcher,Hard,ff,"In 2005, what Opening Day lineup had Rod Barajas at C, Richard Hidalgo in RF, Gary Matthews Jr. in CF, and David Dellucci at DH?",Texas Rangers,,,,,
2026-12-22,Catcher,Easy,ff,"What Astros third baseman won 2 World Series (2017, 2022) and was named MVP of the 2018 All-Star Game?",Alex Bregman,,,,,
2026-12-22,1st Base,Medium,ff,"In 1998, what Yankees center fielder became the first player in MLB history to win a batting title, a Gold Glove, and a World Series ring all in the same season?",Bernie Williams,,,,,
2026-12-22,2nd Base,Nightmare,ff,"What versatile Tiger made his sole All-Star appearances in 2009, setting career highs with 84 RBI and matching his career-high 27 home runs first set in 2006?",Brandon Inge,,,,,
2026-12-22,Shortstop,Hard,ff,"What pitcher won exactly 300 career games, capturing the 1959 AL Cy Young Award and pennant with the White Sox at age 39?",Early Wynn,,,,,
2026-12-22,3rd Base,Medium,mc,"As a rookie in 1997, what Marlins pitcher won both the NLCS MVP and World Series MVP awards, the only rookie in history to claim both in the same postseason?",Livan Hernandez,Kirt Ojala,Livan Hernandez,Tony Saunders,Alex Fernandez,
2026-12-22,Left Field,Easy,ff,"What Giants outfielder, known for his high knee socks, won 2 World Series titles (2012, 2014) and made 4 All-Star teams? In the 2014 World Series, he hit an impressive .444. ",Hunter Pence,,,,,
2026-12-22,Center Field,Easy,ff,"What Brewers outfielder signed an $82 million contract extension before ever playing in a Major League game, then became the youngest player in MLB history to record a 20-20 season?",Jackson Chourio,,,,,
2026-12-22,Right Field,Medium,ff,"After a rocky start to his career with Toronto, going 49-50, with a 4.83 ERA, what pitcher won the 2005 NL Cy Young (21-5, 2.83 ERA) and won two World Series titles with the Cardinals?",Chris Carpenter,,,,,
2026-12-22,Tiebreaker,Tiebreaker,mc,"Which team acquired All-Star catcher Adley Rutschman from the Orioles in a blockbuster trade on 2026 deadline day, giving up three of their top five prospects?",Boston Red Sox,New York Yankees,Boston Red Sox,Toronto Blue Jays,Seattle Mariners,
2026-12-25,Pitcher,Easy,ff,"What Cardinals infielder, who played 12 years with St. Louis and is famous for never wearing batting gloves, led all of MLB in hits, runs, and doubles in 2013? ",Matt Carpenter,,,,,
2026-12-25,Catcher,Hard,ff,"In 2010, what Opening Day lineup had Brandon Wood at C, Juan Rivera in LF, Bobby Abreu in RF, and Hideki Matsui at DH?",Los Angeles Angels|Los Angeles Angels of Anaheim,,,,,
2026-12-25,1st Base,Easy,ff,"What outfielder/DH is a 3x All-Star who led the NL in both home runs and RBI during the shortened 2020 season with the Braves and in 2026, signed with the Pittsburgh Pirates?",Marcell Ozuna,,,,,
2026-12-25,2nd Base,Medium,ff,What 2x All-Star infielder led the NL in hits in 2016 with the Diamondbacks and was traded the following season to the Seattle Mariners along with Mitch Haniger and Zac Curtis for Taijuan Walker and Ketel Marte?,Jean Segura,,,,,
2026-12-25,Shortstop,Hard,ff,"After flaming out with the Giants and Pirates (10-22, 5.86 ERA) and spending four years in Japan, what pitcher signed a minor league deal to return to San Francisco in 2011 at age 33, made the All-Star team that year, and went on to win two World Series rings?",Ryan Vogelsong,,,,,
2026-12-25,3rd Base,Medium,ff,"What pitcher, a member of the 300-win club with the Athletics and Red Sox, holds the highest career winning percentage (.680) of any 300-game winner in MLB history?",Lefty Grove,,,,,
2026-12-25,Left Field,Easy,ff,"What Yankees outfielder, who was a highly regarded prospect, is in his 4th season with New York and is known for hitting a home run on the very first swing of his MLB career off Justin Verlander in September 2023?",Jasson Dominguez,,,,,
2026-12-25,Center Field,Medium,mc,"In 1996, his first season with the Marlins, what pitcher led the majors with a 1.89 ERA, still the franchise's single-season record?",Kevin Brown,Pat Rapp,Kevin Brown,John Burkett,Al Leiter,
2026-12-25,Right Field,Nightmare,ff,"Despite barely hitting during the regular season, what Twins player led all hitters in the 1987 World Series with a .412 batting average as Minnesota won its first championship?",Steve Lombardozzi,,,,,
2026-12-25,Tiebreaker,Tiebreaker,mc,What team selected UCLA shortstop Roch Cholowsky with the No. 1 overall pick in the 2026 MLB Draft?,Chicago White Sox,Chicago White Sox,Tampa Bay Rays,Colorado Rockies,Washington Nationals,
2026-12-27,Pitcher,Medium,ff,"Career Path: Baltimore Orioles (2010-2013), Chicago Cubs (2013-2017, 2021), Philadelphia Phillies (2018-2020), San Diego Padres (2021).",Jake Arrieta,,,,,
2026-12-27,Catcher,Easy,ff,"In the pandemic-shortened 2020 season, what 21-year-old Nationals outfielder won the NL batting title with a career-high .351 average, becoming the youngest player ever to do so?",Juan Soto,,,,,
2026-12-27,1st Base,Hard,ff,"In 2010, what Opening Day lineup had Rob Johnson at C, Casey Kotchman at 1B, Jose Lopez at 3B, and Milton Bradley in LF?",Seattle Mariners,,,,,
2026-12-27,2nd Base,Easy,ff,"In 2018, what Rockies shortstop set career highs with 37 home runs and 108 RBI, finishing just one homer behind teammate Nolan Arenado for the NL lead?",Trevor Story,,,,,
2026-12-27,Shortstop,Medium,ff,"What 35-year-old used a stint with the Long Island Ducks in 2015 to secure a Red Sox contract and spark a massive 2016 breakout (12-5, 2.12 ERA)? The rebirth extended his career by another decade and earned him over $70 million",Rich Hill,,,,,
2026-12-27,3rd Base,Nightmare,ff,"Despite playing just 92 games in Cincinnati before a trade to the Padres, what player led the 2022 Reds with 20 home runs, ultimately winning the National League's first-ever Utility Silver Slugger award?",Brandon Drury,,,,,
2026-12-27,Left Field,Hard,ff,"Career Path: Los Angeles Angels (2010-2013), Arizona Diamondbacks (2014-2015), Seattle Mariners (2015), Baltimore Orioles (2016-2019)",Mark Trumbo,,,,,
2026-12-27,Center Field,Easy,mc,"In 2011, what Tigers ace won the AL pitching Triple Crown (wins, ERA, strikeouts) with a 24-5 record and 2.40 ERA, becoming the first starting pitcher in 25 years to win AL MVP?",Justin Verlander,Max Scherzer,Justin Verlander,Rick Porcello,Anibal Sanchez,
2026-12-27,Right Field,Medium,ff,"Career Path: Atlanta Braves (2012-2015), Los Angeles Angels (2016-2020), Minnesota Twins (2021), Chicago Cubs (2022)",Andrelton Simmons,,,,,
2026-12-27,Tiebreaker,Tiebreaker,mc,"At the 2026 trade deadline, the Mets sent what pitcher, whom they had acquired from the Brewers over the winter to the Rays for a package of three prospects?",Freddy Peralta,Brooks Raley,Freddy Peralta,Clay Holmes,Tobias Myers,
2026-12-29,Pitcher,Hard,ff,"In 2010, what Opening Day lineup had Ronny Paulino at C, Gaby Sanchez at 1B, Jorge Cantu at 2B, and Cameron Maybin in CF?",Florida Marlins,,,,,
2026-12-29,Catcher,Medium,ff,"In Game 5 of the 2015 World Series, what Royals first baseman made a daring dash home on a groundout to tie the game in the 9th inning, an all-time iconic baserunning play that helped Kansas City win its first title in 30 years?",Eric Hosmer,,,,,
2026-12-29,1st Base,Nightmare,ff,"Ranking in the top 40 all-time for wins, games started and innings pitched, what pitcher holds the major league record for the most home runs allowed with 522?",Jamie Moyer,,,,,
2026-12-29,2nd Base,Easy,ff,"On May 6, 1998, what 20-year-old Cubs rookie struck out 20 batters in a one-hit shutout in just his fifth career start, tying the MLB record?",Kerry Wood,,,,,
2026-12-29,Shortstop,Easy,ff,"In 2011, what Brewers outfielder won the NL MVP award, hitting .332 with 33 home runs and a career-high 33 stolen bases to join the 30-30 club?",Ryan Braun,,,,,
2026-12-29,3rd Base,Hard,ff,"Which power-hitter holds the MLB record with 23 career pinch-hit home runs, playing for a position-player record 12 different franchises over his 19-year career?",Matt Stairs,,,,,
2026-12-29,Left Field,Medium,ff,"What submarine-style Royals reliever led the AL in saves 5 times, set the single-season saves record with 45 in 1983, and won the 1985 World Series?",Dan Quisenberry,,,,,
2026-12-29,Center Field,Easy,ff,"In 1997, his first season with the Blue Jays, what right-hander won the pitching Triple Crown (21 wins, 2.05 ERA, 292 strikeouts) and his fourth Cy Young Award?",Roger Clemens,,,,,
2026-12-29,Right Field,Medium,mc,"What second baseman, who spent his entire 18-year career with the Royals, won 8 Gold Gloves (still the most by an AL second baseman) and started at cleanup in the 1985 World Series?",Frank White,George Brett,Hal McRae,Frank White,Willie Wilson,
2026-12-29,Tiebreaker,Tiebreaker,mc,Which team acquired veteran right-hander Kevin Gausman from the Blue Jays at the 2026 trade deadline?,Chicago Cubs,Milwaukee Brewers,Chicago Cubs,Pittsburgh Pirates,San Francisco Giants,
,Pitcher,Easy,ff,"Career Stats: .284 AVG, 630 HR, 1,836 RBI, 1,662 R, 13x All-Star, 10x Gold Glove, 1997 AL MVP.     ",Ken Griffey Jr.,,,,,
,Catcher,Hard,ff,"Career Stats: .276 AVG, 2,369 H, 244 HR, 3x Gold Glove, 5x All-Star, formed one of the longest-running double-play combinations in MLB history.",Lou Whitaker,,,,,
,1st Base,Easy,ff,"In July 2026, what Red Sox closer passed Hoyt Wilhelm for the most career strikeouts by a relief pitcher in MLB history?",Aroldis Chapman,,,,,
,2nd Base,Medium,ff,Who is the first player in modern MLB history to win a batting title in both the National League (with the Rockies) and the American League (with the Yankees)?,DJ LeMahieu,,,,,
,Shortstop,Hard,ff,"Career Stats: .279 AVG, 2,514 H, 201 HR, 1,106 RBI, 6x Gold Glove, 5x All-Star, played 2,405 career games without ever reaching the postseason.",Buddy Bell,,,,,
,3rd Base,Medium,ff,"Career Stats: .301 AVG, 521 HR, 1,704 RBI, 1,667 BB, 2x AL MVP (1993-94), 5x All-Star.",Frank Thomas,,,,,
,Left Field,Easy,ff,"Career Stats: .338 AVG, 3,141 H, 543 2B, 319 SB, 15x All-Star, 8x NL Batting Champion, entire career with one franchise.",Tony Gwynn,,,,,
,Center Field,Medium,mc,"Career Stats: 283-237, 3.45 ERA, 2,461 K, 16 consecutive Gold Glove Awards (most ever by a pitcher), a 25-year career spanning four decades.",Jim Kaat,Tommy John,Jim Kaat,Bert Blyleven,Don Sutton,
,Right Field,Nightmare,ff,"Career Stats: .249 AVG, 344 HR, 937 RBI, 3x All-Star, led the AL in RBI in 2011 despite a career batting average under .250.",Curtis Granderson,,,,,
,Tiebreaker,Tiebreaker,mc,"Career Stats: .300 AVG, 2,375 H, 185 HR, 1,030 RBI, 7x All-Star, 2005 AL batting champion, spent 13 seasons as the face of one Texas franchise.",Michael Young,Placido Polanco,Michael Young,Miguel Tejada,Ian Kinsler,
,Pitcher,Medium,ff,"Career Stats: .313 AVG, 383 HR, 1,311 RBI, 230 SB, 7x Gold Glove, 5x All-Star, 1997 NL MVP.",Larry Walker,,,,,
,Catcher,Easy,ff,"Career Stats: 303-166, 3.29 ERA, 4,875 K, 2 no-hitters (incl. a perfect game), 5x Cy Young winner, 10x All-Star.",Randy Johnson,,,,,
,1st Base,Hard,ff,"Career Stats: 68-71, 300 SV, 2.83 ERA, 6x All-Star, credited with popularizing the split-finger fastball as a devastating out pitch.",Bruce Sutter,,,,,
,2nd Base,Easy,ff,"Career Stats: .303 AVG, 468 HR, 1,623 RBI, 8x All-Star, 1999 NL MVP, switch-hitter who spent his entire 19-year career with one franchise.",Chipper Jones,,,,,
,Shortstop,Medium,ff,"Career Stats: .297 AVG, 449 HR, 1,529 RBI, 202 SB, 4x All-Star, 1994 NL MVP.",Jeff Bagwell,,,,,
,3rd Base,Nightmare,ff,"Career Stats: .295 AVG, 2,153 H, 246 HR, 1,178 RBI, 5x All-Star, switch-hitting catcher/DH who never won a Gold Glove but twice won a Silver Slugger.",Victor Martinez,,,,,
,Left Field,Hard,ff,"Career Stats: 324-256, 3.26 ERA, 3,574 K, 5th all-time in career strikeouts, never threw a no-hitter despite a 23-year career.",Don Sutton,,,,,
,Center Field,Easy,mc,"In 2021, what Brewers right-hander won the NL Cy Young Award while setting an MLB record with 58 consecutive strikeouts to open a season before issuing his first walk?",Corbin Burnes,Freddy Peralta,Corbin Burnes,Brandon Woodruff,Josh Hader,
,Right Field,Medium,ff,"Career Stats: .312 AVG, 309 HR, 1,261 RBI, 7x All-Star, widely considered the greatest designated hitter in MLB history, spent his entire career with one franchise.",Edgar Martinez,,,,,
,Tiebreaker,Tiebreaker,mc,"Career Stats: .265 AVG, 130 HR, 309 SB, switch-hitting outfielder who played for four different AL teams, known for a memorable given name shared with a breakfast cereal mascot.",Coco Crisp,Denard Span,Rajai Davis,Coco Crisp,Michael Bourn,
,Pitcher,Hard,ff,"Career Stats: 318-274, 3.35 ERA, 3,342 K, knuckleballer who pitched until age 48, won 20 games five times for mostly losing teams.",Phil Niekro,,,,,
,Catcher,Medium,ff,"Career Stats: .295 AVG, 198 HR, 960 RBI, 379 SB, 12x All-Star, 1995 NL MVP, entire 19-year career at shortstop for one franchise.",Barry Larkin,,,,,
,1st Base,Nightmare,ff,"Career Stats: .266 AVG, 167 HR, 768 RBI, 3x All-Star, played every position except pitcher and catcher, won consecutive World Series Championships (2015, 2016) and was World Series MVP in 2016",Ben Zobrist,,,,,
,2nd Base,Easy,ff,"Career Stats: .296 AVG, 311 HR, 2,844 H, 13x Gold Glove (most ever by a catcher), 14x All-Star.",Ivan Rodriguez,,,,,
,Shortstop,Easy,ff,"Career Stats: .308 AVG, 427 HR, 1,335 RBI, 12x All-Star, widely regarded as the best-hitting catcher in MLB history.",Mike Piazza,,,,,
,3rd Base,Hard,ff,"Career Stats: 287-250, 3.31 ERA, 3,701 K, 60 shutouts, only 2x All-Star despite ranking 5th all-time in strikeouts, took 14 ballots to reach the Hall of Fame.",Bert Blyleven,,,,,
,Left Field,Medium,ff,"Career Stats: .281 AVG, 3,060 H, 668 2B, 291 HR, 414 SB, 7x All-Star, spent his entire 20-year career with one franchise.",Craig Biggio,,,,,
,Center Field,Easy,ff,"Career Stats: .318 AVG, 449 HR, 1,496 RBI, 9x All-Star, 2004 AL MVP, famous for swinging at pitches well outside the strike zone.",Vladimir Guerrero,,,,,
,Right Field,Medium,mc,"Career Stats: 229-172, 3.30 ERA, 2,416 K, 49 shutouts, known for an unmistakable herky-jerky windup and a signature cigar habit.",Luis Tiant,Vida Blue,Catfish Hunter,Luis Tiant,Mickey Lolich,
,Tiebreaker,Tiebreaker,mc,"Career Stats: .275 AVG, 218 HR, 782 RBI, only 1 All-Star selection, once held the MLB career home run record among Asian-born players before Shohei Ohtani passed him.",Shin-Soo Choo,Hideki Matsui,Norichika Aoki,Shin-Soo Choo,Kosuke Fukudome,
,Pitcher,Medium,ff,"Career Stats: .294 AVG, 2,605 H, 808 SB (5th all-time), 1,571 R, 7x All-Star, spent most of his career as a leadoff man in Montreal.",Tim Raines,,,,,
,Catcher,Easy,ff,"Career Stats: 243-142, 2.89 ERA, 2,303 K, 10x All-Star, won 191 games in the 1960s (most of any pitcher that decade), nicknamed 'The Dominican Dandy.'",Juan Marichal,,,,,
,1st Base,Hard,ff,"Playing for 14-years, with 10 different teams (Indians, Reds, Brewers, Devil Rays, Padres, Phillies, Cardinals, Mariners, Diamondbacks and Angels), what slugger hit 194 career home runs, with a high of 31 in 2009 with the Mariners?",Russell Branyan,,,,,
,2nd Base,Easy,ff,"Career Stats: 197-171, 390 SV, 3.50 ERA, 2,401 K, 1992 AL Cy Young and MVP in the same season, one of the few pitchers to excel as both a starter and a closer.",Dennis Eckersley,,,,,
,Shortstop,Medium,ff,"Career Stats: .272 AVG, 2,446 H, 385 HR, 1,384 RBI, 8x Gold Glove, 3x All-Star, spent 18 of his 20 seasons patrolling right field at Fenway Park.",Dwight Evans,,,,,
,3rd Base,Nightmare,ff,"Career Stats: .267 AVG, 229 HR, 764 RBI, hit a series-turning home run off Roy Halladay in the 2010 NLDS, later signed a $126 million deal with the Nationals.",Jayson Werth,,,,,
,Left Field,Hard,ff,"Career Stats: .266 AVG, 1,833 H, 224 HR, 864 RBI, 6x All-Star, 4x Gold Glove, considered one of the most underrated second basemen ever.",Bobby Grich,,,,,
,Center Field,Easy,mc,"Career Stats: 224-166, 3.26 ERA, 2,012 K, 5x World Series champion, 1974 AL Cy Young, threw a perfect game in 1968, career cut short at age 33 by diabetes.",Catfish Hunter,Catfish Hunter,Jim Palmer,Vida Blue,Don Sutton,
,Right Field,Medium,ff,"Career Stats: .296 AVG, 2,182 H, 162 HR, 1,071 RBI, 11 consecutive Gold Gloves, 1979 co-NL MVP.",Keith Hernandez,,,,,
,Tiebreaker,Tiebreaker,mc,"Whose two-out single in the bottom of the ninth of Game 7 of the 1992 NLCS scored Sid Bream with the pennant-winning run, sending the Braves to the World Series over the Pirates?",Francisco Cabrera,David Justice,Francisco Cabrera,Terry Pendleton,Ron Gant,
,Pitcher,Hard,ff,"Career Stats: 194-126, 3.46 ERA, 2,668 K, 1999 perfect game, 5x World Series champion with three different franchises.",David Cone,,,,,
,Catcher,Medium,ff,"Career Stats: .303 AVG, 2,176 H, 284 HR, 1,205 RBI, 6x All-Star, nicknamed 'The Thrill,' famously homered off Dwight Gooden in the 1989 NLCS.",Will Clark,,,,,
,1st Base,Nightmare,ff,"Career Stats: .288 AVG, 2,388 H, 189 HR, 1,046 RBI, 3x Gold Glove, only 1 All-Star selection (2018) despite a 15-year career with two franchises.",Nick Markakis,,,,,
,2nd Base,Easy,ff,"Career Stats: .307 AVG, 2,153 H, 222 HR, 1,099 RBI, 9x Gold Glove, 1985 AL MVP, career cut short by a chronic back injury, never reached the postseason.",Don Mattingly,,,,,
,Shortstop,Easy,ff,"Career Stats: 61-75, 2.87 ERA, 601 SV, 1,133 K, 7x All-Star, retired as MLB's all-time saves leader before Mariano Rivera passed him.",Trevor Hoffman,,,,,
,3rd Base,Hard,ff,"Career Stats: 124-107, 3.01 ERA, 1,502 K, 310 SV, dominant multi-inning closer of the late 1970s and 80s, famous for a blazing fastball and intimidating mound presence.",Goose Gossage,,,,,
,Left Field,Medium,ff,"Career Stats: .265 AVG, 398 HR, 1,266 RBI, 7x All-Star, back-to-back NL MVP awards (1982-83) with a losing franchise.",Dale Murphy,,,,,
,Center Field,Easy,ff,"Career Stats: 47-40, 422 SV, 2.31 ERA, an 11.9 K/9 rate (best all-time among qualified pitchers), 7x All-Star, elected to the Hall of Fame in his final year of eligibility.",Billy Wagner,,,,,
,Right Field,Medium,mc,"Career Stats: .290 AVG, 426 HR, 2,711 H, 6x All-Star, 1961 NL Rookie of the Year. Spent his entire prime in the Cubs outfield alongside Ernie Banks and Ron Santo but never appeared in a single postseason game.",Billy Williams,Don Kessinger,Glenn Beckert,Lou Brock,Billy Williams,
,Tiebreaker,Tiebreaker,mc,"Career Stats: 284-226, 3.34 ERA, 3,192 K, won 20 games six seasons in a row (1967-72) for mostly losing teams, 1971 NL Cy Young.",Fergie Jenkins,Tom Seaver,Fergie Jenkins,Steve Carlton,Bob Gibson,
,Pitcher,Hard,ff,"On July 26, 2010, what pitcher threw the first no-hitter in Rays franchise history, facing the minimum 27 batters against the Detroit Tigers?",Matt Garza,,,,,
,Catcher,Medium,ff,"What Hall of Fame center fielder retired in 1928 with 792 career doubles, still the all-time MLB record nearly a century later?",Tris Speaker,,,,,
,1st Base,Nightmare,ff,"Career Path: Los Angeles Dodgers (1995-1998, 2002-2004), New York Mets (1998), Milwaukee Brewers (1999), Detroit Tigers (2000), Boston Red Sox (2001), Tampa Bay Devil Rays (2005), Kansas City Royals (2008)",Hideo Nomo,,,,,
,2nd Base,Easy,ff,"Nicknamed 'Captain America,' what third baseman spent his entire 14-year career with the Mets, retiring in 2018 as the franchise's all-time leader in hits, RBIs, and runs scored?",David Wright,,,,,
,Shortstop,Easy,ff,"This two-time AL MVP was traded to the Tigers before the 2000 season as part of a nine-player blockbuster, but injuries limited him to 115 games. He then turned down a $140 million extension offer and left as a free agent after just one season.",Juan Gonzalez,,,,,
,3rd Base,Hard,ff,"What Hall of Fame second baseman signed a one-year deal with the Diamondbacks in 2004 (his final year), hitting .309 in limited action due to a broken hand and was dealt to the White Sox in August?",Roberto Alomar,,,,,
,Left Field,Medium,ff,"What Hall of Fame pitcher wrapped up his legendary 18-year career with just 9 regular-season starts for the Phillies in 2009, then started two games of that year's World Series loss to the Yankees.",Pedro Martinez,,,,,
,Center Field,Easy,ff,"This slugger, who finished his career with 473 home runs, signed a four-year deal with the Marlins before the 2005 season, but was flipped to the Mets for prospects after just a single year in Florida.",Carlos Delgado,,,,,
,Right Field,Medium,mc,"Who recorded the final three outs of the 2004 World Series, sealing the Boston Red Sox's first title in 86 years?",Keith Foulke,Curt Schilling,Pedro Martinez,Keith Foulke,Jonathan Papelbon,
,Tiebreaker,Tiebreaker,mc,"Nicknamed 'The Junkman', what left-hander became the first Padres pitcher to win a Cy Young Award, going 22-14 in 1976?",Randy Jones,Randy Jones,Andy Benes,Eric Show,Ed Whitson,
,Pitcher,Hard,ff,"What player hit his 500th career home run on September 17, 1984 while playing for the Angels, exactly 17 years to the day after his first career homer with the Kansas City Athletics?",Reggie Jackson,,,,,
,Catcher,Medium,ff,"After dominating the 1990s as the face of the White Sox, what two-time AL MVP spent his final three seasons bouncing between Oakland and Toronto, ultimately finishing his career back with the Athletics in 2008 after being released by the Blue Jays.",Frank Thomas,,,,,
,1st Base,Nightmare,ff,"Who is the last Chicago White Sox player to hit 40 home runs in a season, doing so in 2016?",Todd Frazier,,,,,
,2nd Base,Easy,ff,"After 21 seasons and a career spent almost entirely in Braves uniform, what legend finished his final two seasons back where his career began, in Milwaukee, hitting his 755th and final home run with the Brewers in 1976?",Hank Aaron,,,,,
,Shortstop,Easy,ff,"Release in 2021 by the Angels, what future 700-home-run club member signed with the Dodgers before a storybook return to St. Louis for one final season?",Albert Pujols,,,,,
,3rd Base,Hard,ff,"Which Dutch outfielder and World Baseball Classic mainstay debuted in the MLB in 2007, played until 2009, and later moved to Japan where he hit 301 NPB career home runs and broke the single-season record by hitting 60 home runs in 2013?",Wladimir Balentien,,,,,
,Left Field,Medium,ff,"After 21 seasons as the identity of the New York/San Francisco Giants, what legend was traded across town in 1972 and finished his career with the Mets?",Willie Mays,,,,,
,Center Field,Easy,ff,"What slugger hit his 600th career home run in 2007 while playing for the Rangers, the same team that gave him his MLB debut back in 1989?",Sammy Sosa,,,,,
,Right Field,Medium,mc,"What left-hander threw the only perfect game in Reds franchise history on September 16, 1988, blanking the Dodgers 1-0 after a two-hour rain delay?",Tom Browning,Mario Soto,Tom Browning,Jose Rijo,John Franco,
,Tiebreaker,Tiebreaker,mc,"What outfielder spent his entire 14-year career in Anaheim, winning the 1993 AL Rookie of the Year and hitting a walk-off home run in Game 2 of the 2002 World Series?",Tim Salmon,Tim Salmon,Garret Anderson,Darin Erstad,Brian Downing,
,Pitcher,Hard,ff,"Only 5 closers have recorded 300+ saves for one team. Mariano Rivera, Kenley Jansen, Dennis Eckersley, Trevor Hoffman and who?",Troy Percival,,,,,
,Catcher,Medium,ff,"What Diamondbacks third baseman set the franchises single-season RBI record, driving in 142 runs in 1999? A record that has only been tied, never beaten.",Matt Williams,,,,,
,1st Base,Nightmare,ff,"After a stint with the Tampa Bay Devil Rays in 2005, Hideo Nomo would not pitch again until his final season in 2008. What team did he make his final three appearances with?",Kansas City Royals,,,,,
,2nd Base,Easy,ff,"Career Path: Montreal Expos (1974-1984, 1992), New York Mets (1985-1989), San Francisco Giants (1990), Los Angeles Dodgers (1991)",Gary Carter,,,,,
,Shortstop,Easy,ff,What right fielder spent 14 seasons with the Mariners after being acquired from the Yankees in a 1988 trade for Ken Phelps -- a deal so lopsided it was later referenced on a 1996 episode of Seinfeld?,Jay Buhner,,,,,
,3rd Base,Hard,ff,"Recording 182 steals in just five seasons with the Diamondbacks (1999–2003), what speedster set a franchise record that has now stood for more than two decades?",Tony Womack,,,,,
,Left Field,Medium,ff,"What MLB outfielder holds the record for playing the most career games (1,928) before finally earning his first-ever All-Star selection with the Atlanta Braves in 2018?",Nick Markakis,,,,,
,Center Field,Easy,ff,"This Phillies shortstop won the 2007 NL MVP award, becoming the first Phillie to win the honor since Mike Schmidt in 1986.",Jimmy Rollins,,,,,
,Right Field,Medium,mc,"What Blue Jays center fielder made the most iconic defensive play in franchise history in Game 3 of the 1992 World Series, robbing David Justice of extra bases with a leaping catch at the wall?",Devon White,Candy Maldonado,Devon White,Joe Carter,Dave Winfield,
,Tiebreaker,Tiebreaker,mc,"In 2001, what Diamondbacks ace shared World Series MVP honors with teammate Randy Johnson after the two combined for a 1.40 ERA against the Yankees?",Curt Schilling,Curt Schilling,Byung-Hyun Kim,Miguel Batista,Brian Anderson,
,Pitcher,Hard,ff,"From 2003-2005, what Texas slugger hit 86 home runs, recorded 292 RBI's and earned two All-Star nods.? In the 2003 All-Star Game, he hit a pinch-hit go-ahead two-run home run off Eric Gagne, who had not blown a save all season for the Dodgers?",Hank Blalock,,,,,
,Catcher,Medium,ff,"In his age-40 season, what pitcher recorded his 300th career win and his 4,000th career strikeout in the very same game in 2003?",Roger Clemens,,,,,
,1st Base,Nightmare,ff,"What MLB rookie in 2016 hit 20 or more home runs while finishing with more home runs than singles, becoming the first rookie ever and only the sixth player in MLB history to achieve this stat line after it had occurred only 5 times prior (four times by Mark McGwire and once by Barry Bonds)?",Ryan Schimpf,,,,,
,2nd Base,Easy,ff,"With the Diamondbacks trailing by one in the bottom of the 9th of Game 7 of the 2001 World Series, what outfielder blooped a broken-bat single over a drawn-in infield off Mariano Rivera to win it all?",Luis Gonzalez,,,,,
,Shortstop,Easy,ff,"At just 23 years old, this Marlins right-hander was named World Series MVP in 2003 after shutting out the Yankees in Game 6 to clinch the franchise's second championship.",Josh Beckett,,,,,
,3rd Base,Hard,ff,"Career Path: Cleveland Indians (1986-1988), Pittsburgh Pirates (1989-1996), Kansas City Royals (1997), Arizona Diamondbacks (1998-2002), New York Mets (2003)",Jay Bell,,,,,
,Left Field,Medium,ff,"Career Stats: .285 AVG, 2,365 H, 185 HR, 236 SB, 4x Gold Glove, 6x All-Star, spent his entire 20-year career at shortstop for one franchise.",Alan Trammell,,,,,
,Center Field,Easy,ff,"What outfielder won the 1977 NL Rookie of the Year award with the Montreal Expos, the first of his 11 seasons in Montreal before later winning NL MVP with the Cubs in 1987?",Andre Dawson,,,,,
,Right Field,Medium,mc,"In 2013, what Brewers center fielder broke a 30-year franchise drought by winning a Gold Glove, the longest such streak in the award's history at the time, while also posting career highs of 24 home runs and 40 stolen bases.",Carlos Gomez,Lorenzo Cain,Carlos Gomez,Christian Yelich,Khris Davis,
,Tiebreaker,Tiebreaker,mc,Who is the only player to appear in the Marlins' inaugural 1993 game and both of the franchise's World Series championships (1997 and 2003)?,Jeff Conine,Jeff Conine,Luis Castillo,Charles Johnson,Gary Sheffield,